id,title,source,url,created,modified,notes,tags,name
cf6d6893-2758-4a01-8ac8-590a5d721aec,Fahrradabstellanlagen,https://offenedaten-konstanz.de/dataset/fahrradabstellanlagen,https://offenedaten-konstanz.de/api/3/action/package_show?id=cf6d6893-2758-4a01-8ac8-590a5d721aec,2020-11-30T14:01:00+01:00,2022-12-14T14:52:56+01:00,"<p>Der Datensatz enthält die Fahrradabstellanlagen im Konstanzer Stadtgebiet.</p>
<p dir=""ltr""><strong>Quelle:</strong> Stadt Konstanz, Amt für Stadtplanung und Umwelt</p>
","['Infrastruktur, Bauen und Wohnen', 'Transport und Verkehr', 'Geo']",fahrradabstellanlagen
091a3212-6b5f-4ed2-994a-d79e189d278e,HaPro Radverkehr,https://offenedaten-konstanz.de/dataset/hapro-radverkehr,https://offenedaten-konstanz.de/api/3/action/package_show?id=091a3212-6b5f-4ed2-994a-d79e189d278e,2022-12-14T14:34:04+01:00,2022-12-14T14:51:01+01:00,"<p>Dieses Dataset enthält Inhalte aus dem Handlungsprogramm Radverkehr sowie Standorte von Fahrradhändlern, Radabstellanlagen, SB-Reparaturstationen sowie der Miet(lasten)räder von konrad.</p>
","['Geo', 'Transport und Verkehr']",HaPro Radverkehr
3826ad20-7a06-4a7e-b617-a392295a435d,Wohnbevölkerung in Konstanz,https://offenedaten-konstanz.de/dataset/wohnbev-lkerung-konstanz,https://offenedaten-konstanz.de/api/3/action/package_show?id=3826ad20-7a06-4a7e-b617-a392295a435d,2022-12-13T09:48:24+01:00,2022-12-14T08:32:57+01:00,"<p><strong>Wohnbevölkerung nach Religionszugehörigkeit</strong></p>
<p>Wohnbevölkerung (Einwohner mit Hauptwohnsitz) nach der im Einwohnerstatistikdatensatz angegebenen rechtlichen Zugehörigkeit zu einer Religionsgemeinschaft. Hierbei wird die Religionszugehörigkeit nur für römisch-katholisch und evangelisch ausgewiesen. Unter sonstige sind damit alle weiteren Zugehörigkeiten zu einer Religionsgemeinschaft sowie die, die keiner (öffentlich-rechtlichen) Religionsgemeinschaft angehören zusammengefasst.</p>
<p>Quelle ist die Einwohnerbestandsstatistik der Stadt Konstanz (eigene Einwohnerfortschreibung). Dargestellt wird die Wohnbevölkerung (Einwohner mit Hauptwohnsitz) nach Zugehörigkeit zu einer öffentlich-rechtlichen Religionsgemeinschaft auf Ebene der Stadt Konstanz ab 2000 und der Ebene der 15 Stadtteilen ab 2010.</p>
",['Bevölkerung'],Wohnbevölkerung in Konstanz
695c8862-9950-4bea-9023-21c41db4b266,Innerstädtische Umzüge,https://offenedaten-konstanz.de/dataset/innerst-dtische-umz-ge,https://offenedaten-konstanz.de/api/3/action/package_show?id=695c8862-9950-4bea-9023-21c41db4b266,2022-12-13T11:28:12+01:00,2022-12-14T08:32:15+01:00,"<p><strong>Umzug - innerstädtisch</strong></p>
<p>Innerstädtische Umzüge zwischen den Stadtteilen sowie innerhalb der Stadtteile, bzw. für Konstanz gesamt nach sechs Altersgruppen ab 2010.  </p>
<p>Die Binnenwanderung beruht auf dem Statistikdatensatz der Einwohnerbewegung der Wohnbevölkerung (eigene Fortschreibung der Stadt Konstanz), die alle innerstädtischen Umzüge eines Jahres umfasst.</p>
<p><strong>Quelle: </strong>Stadt Konstanz – eigene Einwohnerfortschreibung, Statistik der Einwohnerbewegung.</p>
",['Bevölkerung'],Innerstädtische Umzüge
4ddaf69a-77c8-4024-b30b-f305f948343b,Geburten und Sterbefälle,https://offenedaten-konstanz.de/dataset/geburten-und-sterbef-lle,https://offenedaten-konstanz.de/api/3/action/package_show?id=4ddaf69a-77c8-4024-b30b-f305f948343b,2022-12-13T12:23:56+01:00,2022-12-14T08:30:49+01:00,"<p><strong>Geburten und Sterbefälle – Natürliche Bewegung</strong></p>
<p>Dies sind die Lebendgeburten und Sterbefälle der Wohnbevölkerung in den 15 Stadtteilen ab dem Jahr 2011 und in der Gesamtstadt ab 1980.</p>
<p><strong>Quelle:</strong> Stadt Konstanz – eigene Einwohnerfortschreibung, Statistik der Einwohnerbewegung.</p>
",['Bevölkerung'],Geburten und Sterbefälle
273aca9a-2c0c-4d33-a323-dd56286b398a,Kinderbetreuung und Plätze,https://offenedaten-konstanz.de/dataset/kinderbetreuung-und-pl-tze,https://offenedaten-konstanz.de/api/3/action/package_show?id=273aca9a-2c0c-4d33-a323-dd56286b398a,2022-12-13T12:29:27+01:00,2022-12-14T08:30:23+01:00,"<p><strong>Kinderbetreuung - Plätze</strong></p>
<p>Plätze in Tageseinrichtungen für die Kinderbetreuung in den 15 Stadtteilen und der Gesamtstadt nach verschiedenen Kategorien für die Jahre ab 2018.</p>
<p>Die Zahl der Betreuungsmöglichkeiten für Kinder bezieht sich auf die rechnerisch vorhandenen Plätze in den Einrichtungen und der Tagespflege für Kinder. Die Spielgruppen werden gesondert aufgeführt, da diese zwar eine wertvolle, ergänzende Angebotsform sind, jedoch den Rechtsanspruch auf einen Kinderbetreuungsplatz aufgrund des geringeren Betreuungsumfangs nicht erfüllen.</p>
<p>Die Daten stammen vom Sozial- und Jugendamt der Stadt Konstanz jeweils zum Stichtag 01. März des jeweiligen Jahres.</p>
<p>Grundsätzlich muss berücksichtigt werden, dass das Einzugsgebiet der einzelnen Betreuungseinrichtungen über die Stadtteilgrenzen hinausgeht.</p>
<p><strong>Quelle:</strong> Stadt Konstanz, Sozial- und Jugendamt.</p>
","['Bevölkerung', 'Soziales']",Kinderbetreuung und Plätze
e4fe7d84-79e9-4800-8cc6-0fa55a140681,Arbeitsmarkt,https://offenedaten-konstanz.de/dataset/arbeitsmarkt,https://offenedaten-konstanz.de/api/3/action/package_show?id=e4fe7d84-79e9-4800-8cc6-0fa55a140681,2022-12-13T14:07:32+01:00,2022-12-14T08:26:56+01:00,"<p><strong>Arbeitsmarktdaten</strong></p>
<p>Arbeitsmarktdaten (Sozialversicherungspflichtig Beschäftigte und Arbeitslose) in den 15 Stadtteilen und der Gesamtstadt Konstanz für die Jahre ab 2011.</p>
<p>Datenquelle ist die kleinräumige Arbeitsmarktstatistik der Bundesagentur für Arbeit (BA).</p>
<p>Für die Jahre 2011 bis 2017 sind die Werte für die Stadtteile Egg und Staad einzeln ausgewiesen. Ab dem Jahr 2018 liefert die Bundesagentur für Arbeit (BA) für diese beiden Stadtteile nur noch einen zusammengefassten Wert. Daher werden ab 2018 unter 999 – „keine Zuordnung“ hier die Stadtteile Egg und Staad sowie die ohne kleinräumige Zuordnung ausgewiesen.</p>
<p> </p>
<p><strong>Quelle:</strong> Bundesagentur für Arbeit (BA)</p>
","['Arbeitsmarkt, Wissenschaft und Bildung']",Arbeitsmarkt
9a98fc1c-3348-4fe4-9101-823c17e832ee,Aussenwanderung,https://offenedaten-konstanz.de/dataset/aussenwanderung,https://offenedaten-konstanz.de/api/3/action/package_show?id=9a98fc1c-3348-4fe4-9101-823c17e832ee,2022-12-13T14:24:31+01:00,2022-12-14T08:23:40+01:00,"<p><strong>Außenwanderung</strong></p>
<p>Außenwanderung ist der Zu- und Wegzug über die Gemeindegrenze. Dargestellt wird die Außenwanderung der Stadt Konstanz ab 1980 sowie die Außenwanderung der 15 Stadtteile (Zu- und Wegzug in bzw. aus den Stadtteilen über die Gemeindegrenze) ab 2010.  </p>
<p>Die Außenwanderung beruht auf dem Statistikdatensatz der Einwohnerbewegung der Wohnbevölkerung (eigene Fortschreibung der Stadt Konstanz), die alle Zu- und Wegzüge eines Jahres umfasst.</p>
<p><strong>Quelle:</strong> Stadt Konstanz – eigene Einwohnerfortschreibung, Statistik der Einwohnerbewegung.</p>
<p> </p>
",['Bevölkerung'],Aussenwanderung
0be54ad6-2be2-4ef9-82ea-7d03e06d44ed,Flaechennutzung,https://offenedaten-konstanz.de/dataset/flaechennutzung,https://offenedaten-konstanz.de/api/3/action/package_show?id=0be54ad6-2be2-4ef9-82ea-7d03e06d44ed,2022-12-13T14:54:32+01:00,2022-12-14T08:21:47+01:00,"<p><strong>Flächennutzung</strong></p>
<p>Flächennutzung in den 15 Stadtteilen und der Gesamtstadt nach ausgewählten Nutzungsarten. Die Flächennutzung wird vom städtischen Amt für Liegenschaften und Geoinformationen jährlich auf Ebene der Stadtteile aufbereitet, basierend auf dem Amtlichen Liegenschaftskatasterinformationssystem (ALKIS). Wegen Methodenwechsel werden die Daten erst ab 2015 aufgeführt.</p>
<p>Ausgewiesen wird die Flächennutzung in Hektar nach folgenden Nutzungsarten:</p>
<ul>
<li>Siedlungsfläche und davon Wohnbaufläche sowie Industrie- und Gewerbefläche</li>
<li>Verkehrsfläche</li>
<li>Landwirtschafts- und Waldfläche zusammen</li>
</ul>
<p>In Konstanz gibt es auch Flächen, die keinem Stadtteil zugeordnet sind, z.B. der Seerhein u.a.. Daher ergibt die Summe der Stadtteilflächen nicht die gesamtstädtische Flächennutzung.</p>
<p><strong>Quelle: </strong>Stadt Konstanz - Amt für Liegenschaften und Geoinformation.</p>
","['Infrastruktur, Bauen und Wohnen']",Flaechennutzung
8f29fc81-fa3e-4052-ab8e-3afc003cbb5e,Radverkehrsnetz ,https://offenedaten-konstanz.de/dataset/radverkehrsnetz,https://offenedaten-konstanz.de/api/3/action/package_show?id=8f29fc81-fa3e-4052-ab8e-3afc003cbb5e,2022-09-20T10:19:08+02:00,2022-12-13T15:24:31+01:00,"<p>""Radnetzplanung aus offenen Daten"" hieß eines der Projekte des <strong><a href=""https://www.konstanz.de/digital/foerderprojekte/deas/mobility+hack+2021"" target=""_blank"">Mobility Hacks 2021</a></strong> der Stadt Konstanz. Die Veranstaltung fand im Rahmen des Interreg Alpine Space-Projektes ""DEAS - Data Economy Alps Strategy"" statt und wurde gefördert von der Europäischen Union.</p>
<p>Die Herausforderung des Projekts bestand darin, verfügbare offene Daten zur besseren Analyse des Radverkehrs zusammenzuführen und zu analyisieren. Der Datensatz wurde aus offenen Daten verschiedener Quellen generiert (Offene Daten Konstanz, MobiData und Open Street Map). Auf diesem Portal finden Sie in einer ZIP-Datei verschiedene Shape-Dateien, die in gängigen GIS-Programmen eingelesen werden können, sowie in einer PDF Erklärungen zum Datensatz.</p>
<p><strong>Hinweis:</strong> Bitte beachten Sie bei der Nutzung dieser Daten, dass es sich um keine offiziellen Radnetzdaten der Stadt Konstanz handelt. Es sind die Ergebnisse eines Pilotprojekts zur Visualisierung und Analyse von Radverkehrsdaten.</p>
<p><em>Quelle: Mobility Hack 2021 der Stadt Konstanz, Projektteam ""Radnetzplanung aus offenen Daten""</em></p>
","['Infrastruktur, Bauen und Wohnen']",Radverkehrsnetz 
240f69a5-e36e-4f43-8a85-0b39b16acf66,Kaufkraftindex,https://offenedaten-konstanz.de/dataset/kaufkraftindex,https://offenedaten-konstanz.de/api/3/action/package_show?id=240f69a5-e36e-4f43-8a85-0b39b16acf66,2022-12-13T12:34:29+01:00,2022-12-13T15:19:35+01:00,"<p><strong>Kaufkraft</strong></p>
<p>Kaufkraftindex der 15 Stadtteile für die Jahre ab 2011, wobei Stadt Konstanz = 100.</p>
<p>Datengrundlage ist die von der GfK (Gesellschaft für Konsumforschung) jährlich erhobene Kaufkraft für Deutschland, die kleinräumig für Konstanz berechnet wird. Die Kennzahl gibt an, wie viel Euro eine einzelne Person im Durchschnitt für Konsumzwecke im Jahr zur Verfügung hat. Damit lassen sich Aussagen über die potenzielle Kaufkraft der Wohnbevölkerung treffen. Als Berechnungsgrundlage dient der GfK die Lohn- und Einkommenssteuerstatistik. Diese wird um Schätzungen und Sonderberechnungen zu Rente, Pension, Arbeitslosengeld I und II, Wohn-, Kinder-, und Elterngeld sowie BAföG ergänzt. </p>
<p>Der Index gibt die Kaufkraft pro EinwohnerIn in den einzelnen Stadteilen in Relation zur Gesamtstadt (=100) an.</p>
<p><strong>Quelle: </strong>Gesellschaft für Konsumforschung (GfK) Kaufkraft Deutschland.</p>
",['Bevölkerung'],Kaufkraftindex
4b47001c-f9c5-4f42-9a4f-ee8ad1211fab,Einwohner nach Baublock ,https://offenedaten-konstanz.de/dataset/einwohner-nach-baublock,https://offenedaten-konstanz.de/api/3/action/package_show?id=4b47001c-f9c5-4f42-9a4f-ee8ad1211fab,2022-09-20T12:02:36+02:00,2022-12-13T15:18:54+01:00,"<p>Wohnbevölkerung in Konstanz nach Baublock am 31.12.2021</p>
<p><strong>Beschreibung der Variablen:</strong></p>
<ul>
<li>AGS = Amtlicher Gemeindeschlüssel der Stadt Konstanz</li>
<li>Stichtag</li>
<li>STT_Nr = Stadtteil-Nummer, dreistellig</li>
<li>Stadtteilname</li>
<li>Baublock_6stellig = 6stellige Baublocknummer (<strong><a href=""https://open-geodaten-konstanz-gis.opendata.arcgis.com/maps/0237161745a34dabb4741e463489dbca/about"" target=""_blank"">Geodaten siehe hier</a></strong>)</li>
<li>Wohnbevölkerung_absolut = Einwohner mit Hauptwohnsitz</li>
</ul>
<p>Kleinräumig nach Baublock werden nur Einwohner ausgewiesen, die in einem Baublock mit 4 und mehr Einwohnern mit Hauptwohnsitz leben.</p>
<p>Der mit ""999999"" codierte Baublock beinhaltet die Einwohner, welche in Baublöcken mit weniger als 4 Einwohnern mit Hauptwohnsitz leben. Aus Datenschutzgründen wurden diese in einem Baublock zusammengefasst.</p>
<p><strong>Quelle:</strong> Stadt Konstanz, Hauptamt - Statistik und Steuerungsunterstützung (eigene Einwohnerfortschreibung)</p>
","['Bevölkerung', 'Infrastruktur, Bauen und Wohnen']",Einwohner nach Baublock 
5c5a9ceb-0d46-46b0-ba9a-5552569c5401,Pflegeplaetze,https://offenedaten-konstanz.de/dataset/pflegeplaetze,https://offenedaten-konstanz.de/api/3/action/package_show?id=5c5a9ceb-0d46-46b0-ba9a-5552569c5401,2022-12-13T11:44:42+01:00,2022-12-13T15:15:32+01:00,"<p><strong>Pflegeplätze</strong></p>
<p>Vollstationäre Pflegeplätze bzw. Plätze der 24-Stunden-Pflege als Gesamtzahl aller Plätze in Pflegeheimen sowie auch in ambulant betreuten Pflegewohngemeinschaften. Nicht berücksichtigt sind hier private Pflege oder alternative Formen von Pflege. Das potenzielle Einzugsgebiet der Pflegeheime ist nicht nur das gesamte Stadtgebiet, sondern auch gemeindeübergreifend: Pflegebedürftige ziehen von außerhalb für einen vollstationären Pflegeplatz nach Konstanz und umgekehrt nutzen Konstanzer BürgerInnen Pflegeplätze außerhalb der Stadt.</p>
<p>Pflegeplätze in den 15 Stadtteilen und der Gesamtstadt für die Jahre ab 2012.</p>
<p><strong>Quelle:</strong> Stadt Konstanz, Sozial- und Jugendamt.</p>
","['Bevölkerung', 'Infrastruktur, Bauen und Wohnen']",Pflegeplaetze
95373819-122b-453e-bcfe-ca076759db9b,Haushalte nach Haushaltsgröße,https://offenedaten-konstanz.de/dataset/haushalte-nach-haushaltsgr-e,https://offenedaten-konstanz.de/api/3/action/package_show?id=95373819-122b-453e-bcfe-ca076759db9b,2022-12-13T12:42:14+01:00,2022-12-13T14:32:24+01:00,"<p><strong>Haushalte insgesamt und nach Haushaltsgröße</strong></p>
<p>Haushaltestruktur der Wohnbevölkerung nach Zahl der Haushalte insgesamt sowie der Haushalte nach Haushaltsgröße (nach Zahl der Personen im Haushalt). Dargestellt werden die Daten für die Stadt Konstanz sowie für die 15 Stadtteile ab 2010.</p>
<p>Die Haushaltsstruktur der Wohnbevölkerung wird im Melderegister nicht direkt erfasst. Daher werden mit Hilfe des Haushaltegenerierungsprogramm HHGen in einem mehrstufigen Generierungsverfahren die Haushalte ermittelt. Hierfür ermittelt das Programm Beziehungen zwischen den in Konstanz gemeldeten Einwohnern auf Grundlage der Familien- und Geburtsnamen, der gleichen Wohnadresse, dem Datum der Anmeldung und anderen demografischen Merkmalen wie Alter, Geschlecht, Familienstand und Staatsangehörigkeit. Dabei können nicht immer alle Haushaltsbeziehungen korrekt erfasst werden. Aus diesem Grund ist die Anzahl der 1-Personen Haushalte tendenziell über- und die Zahl der 2-Personen Haushalte unterschätzt. Die Ursache für diese Verzerrung besteht darin, dass insbesondere nichteheliche Lebensgemeinschaften bzw. Wohngemeinschaften nicht immer als solche erkannt werden (können).</p>
<p><strong>Quelle: </strong>Stadt Konstanz</p>
",['Bevölkerung'],Haushalte nach Haushaltsgröße
56581afa-e6d6-49c9-b989-9ad4aa0f8781,Wahlen,https://offenedaten-konstanz.de/dataset/wahlen,https://offenedaten-konstanz.de/api/3/action/package_show?id=56581afa-e6d6-49c9-b989-9ad4aa0f8781,2022-12-13T11:24:08+01:00,2022-12-13T14:30:43+01:00,"<p><strong>Wahlen – Ergebnisse nach Stadtteil</strong></p>
<p>Wahlergebnisse für die Stadt Konstanz von Bundestagswahlen (BTW), Landtagswahlen (LTW) und Gemeinderatswahlen (GRW) in den 15 Stadtteile und der Gesamtstadt seit 2009.</p>
<p>Die Wahlergebnisse (in Prozent) sind die zusammengefassten Urnen- und Briefwahlergebnisse je Stadtteil bzw. für die Gesamtstadt. Bei Stadtteilen denen kein eigener Briefwahlbezirk zugeordnet ist, wird das Briefwahlergebnis berechnet.</p>
<p>Für die einzelnen Wahlen wird jeweils die Wahlbeteiligung sowie die Wahlergebnisse der stärksten Parteien angegeben, bei den Gemeinderatswahl werden alle Parteien aufgeführt.</p>
<p><strong>Quelle: </strong>Stadt Konstanz</p>
",['Politik und Wahlen'],Wahlen
44e196d3-6028-4371-9c4b-45268d61b330,Kohlendioxid-Emissionen: Kommunale CO2 Bilanzen Stadt Konstanz ,https://offenedaten-konstanz.de/dataset/kohlendioxid-emissionen-kommunale-co2-bilanzen-stadt-konstanz,https://offenedaten-konstanz.de/api/3/action/package_show?id=44e196d3-6028-4371-9c4b-45268d61b330,2020-02-25T00:00:00+01:00,2022-12-07T12:59:09+01:00,"<p><strong>Quelle der Daten</strong>: <a href=""https://www.statistik-bw.de/"">Statistisches Landesamt Baden-Württemberg</a></p>
<p>Die Angaben über CO2-Emissionen nach Sektoren beruhen auf den Energiebilanzen für Baden-Württemberg, die zunächst nur auf Landesebene vorliegen. Bei der Berechnung der Emissionswerte auf Kreis- und Gemeindeebene wird notwendigerweise auf modellhafte und damit in den verschiedenen Sektoren zum Teil verallgemeinernde Annahmen zurückgegriffen. Insbesondere wird aufgrund fehlender primärstatistischer Angaben im Sektor Haushalte, Gewerbe, Handel, Dienstleistungen und übrige Verbraucher mit einem durchschnittlichen Energieverbrauch je Wohnung bzw. je sozialversicherungspflichtig Beschäftigtem gerechnet. Regionale Minderungsmaßnahmen in diesem Sektor werden deshalb in der Modellrechnung nicht vollständig berücksichtigt.</p>
<p><strong>Jahr:</strong></p>
<p>Die Jahreszahl 2011a bezieht sich auf Bevölkerungsstand zum 31.12., Fortschreibung des Zensus 1987 (VZ1987)</p>
<p>Die Jahreszahl 2011b auf Bevölkerungsstand zum 31.12., Fortschreibung des Zensus 2011 (VZ2011)</p>
<p><strong>Gemeindekennung: </strong>335043, Konstanz</p>
<p><strong>Private Haushalte, GHD und übrige Verbraucher</strong>: damit sind Gewerbe, Handel, Dienstleistungen (GHD) und übrige Verbraucher wie öffentliche Einrichtungen, Landwirtschaft und militärische Einrichtungen gemeint.</p>
<p><strong>Verkehr</strong>: bezeichnet den Straßenverkehr und sonstiger Verkehr wie Schienen-, nationaler Luftverkehr, Binnenschifffahrt und Off-Road-Verkehr (landwirtschaftl. Zugmaschinen, Baumaschinen, Militär, Industriegeräte,Garten/Hobby).</p>
<p><strong>Wohnbevölkerung</strong>:</p>
<p>-Bevölkerungsstand zum 31.12., Fortschreibung der  Volkszählung 2011 (VZ2011).</p>
<p>-Bevölkerungsstand zum 31.12., Fortschreibung der Volkszählung 1987 (VZ1987).</p>
<p><strong>Tonnen</strong>: Menge an CO2 Emissionen in Tonnen nach Sektoren</p>
<p><strong>EW</strong>: Einwohnerzahl im jeweiligen Jahr</p>
<p><strong>Tonnen Je Einwohner</strong>: Menge der CO2 Emissionen in Tonnen je Einwohner nach Sektoren</p>
<p><strong>Mengenanteile der Sektoren in %:</strong> CO2 Emissionen nach Sektoren in Prozenten.</p>
<p><strong>Methodische Hinweise</strong>: Änderungen Allgemein/ Methodisch CO2-Berechnung regional/ Revision ab Herbst 2019:</p>
<p>- Umstellung auf die endgültige Energiebilanz 2016</p>
<p>- Die Emissionsfaktoren für feuerungsbedingte CO2-Emissionen ab dem Berichtsjahr 2016 wurden mit den Daten des Umweltbundesamtes gemäß NIR 2019 aktualisiert.</p>
<p>- Die bundesweiten Anteile Nationalflug an Gesamtflug wurden seitens des Umweltbundesamtes in NIR 2019 ab 1990 um durchschnittlich 10 % gesenkt. Dadurch Ändern sich alle Emissionen des nationalen Luftverkehrs und somit die Emissionen des Sektors Verkehr.</p>
<p>- Die Regionalisierungsdaten aus weiteren amtlichen und nichtamtlichen Quellen wurden hinsichtlich Datenverfügbarkeit zum jeweiligen Berichtsjahr überprüft und aktualisiert, sowie die Detailberechnungen methodisch vereinheitlicht.</p>
<p>- Die den regionalen Straßenverkehrsemissionen zugrundeliegenden Jahresfahrleistungen wurden ab dem Jahr 2010 einer grundlegenden Revision unterzogen. Das Verkehrszählungsjahr 2010, das die Basis für die Fortschreibung der Jahre 2011 bis 2014 bildet, greift auf deutlich veränderte Zählergebnisse nach dem neuen Verkehrsmonitoring zurück. Die Verkehrszählung 2015 bildet bis zur nächsten Zählung die Basis für künftige Fortschreibungen ab 2016. Details hierzu finden Sie im Glossar des Internetauftritts des Statistischen Landesamtes unter dem Thema ""Verkehr"", Unterthema ""KFZ und Verkehrsbelastung"", Jahresfahrleistungen im Straßenverkehr (<a href=""https://www.statistik-bw.de/Glossar/456"">https://www.statistik-bw.de/Glossar/456</a>)</p>
<p>- Aus methodischen Gründen werden die regionalen Straßenverkehrsemissionen aus Strom erst ab Berichtsjahr 2016 ausgewiesen.</p>
<p>-Die Vergleichbarkeit der Ergebnisse mit früheren Berechnungsjahren sind eingeschränkt.</p>
",['Umwelt und Klima'],co2_bilanz_konstanz
5941f554-47b7-4eed-a0bc-9dd8486bef33,Solarpotenzial,https://offenedaten-konstanz.de/dataset/solarpotenzial,https://offenedaten-konstanz.de/api/3/action/package_show?id=5941f554-47b7-4eed-a0bc-9dd8486bef33,2020-12-23T14:58:33+01:00,2022-12-07T12:35:11+01:00,"<p><strong>Solarpotenzial der Gebäudeflächen in der Stadt Konstanz</strong></p>
<p>Die Analyse beinhaltet den Neigungswinkel, die Ausrichtung sowie die nutzbare Dachfläche aller berücksichtigten Gebäude als Basiswerte. Abschattungseffekte, die infolge umliegender Gebäude oder topographischer Gegebenheiten entstehen, fließen als Kennzahl in die Ertragsberechnung mit ein. Diese geht von der lokalen Globalstrahlung aus und wird entsprechend den oben genannten Parametern beeinflusst. Die Leistung der Photovoltaikanlagen, der voraussichtliche Stromertrag sowie die jährliche CO2-Einsparung werden als Ergebnis ausgegeben.</p>
<p><strong>Quelle: </strong>Die Daten wurden 2018 durch das <strong>Ingenieur Büro Smart Geomatics<em> </em></strong>Informationssysteme GmbH im Auftrag der Stadt Konstanz erhoben.</p>
","['Umwelt und Klima', 'Geo', 'Infrastruktur, Bauen und Wohnen']",solarpotenzial
71f1f691-2acb-4d9c-a86c-74ca7d337d33,Historische Wetterdaten,https://offenedaten-konstanz.de/dataset/historische-wetterdaten,https://offenedaten-konstanz.de/api/3/action/package_show?id=71f1f691-2acb-4d9c-a86c-74ca7d337d33,2020-09-09T09:26:38+02:00,2022-12-07T12:15:07+01:00,"<p>Dieser Datensatz beinhaltet historische Wetterdaten der Station des DWD (Station-Nummer: 02712) im Konstanzer Silvanerweg 6. Wie hat sich das Wetter über einen längeren Zeitraum in Konstanz verändert?</p>
<p>Am 25.07.2017 ist eine Änderung des Gesetzes über den Deutschen Wetterdienst (""DWD-Gesetz"") in Kraft getreten. Der DWD wird gesetzlich beauftragt, seine Wetter- und Klimainformationen weitgehend entgeltfrei zur Verfügung zu stellen. Zurzeit stehen viele Geodaten wie Modellvorhersagen, Radardaten, aktuelle Mess- und Beobachtungsdaten sowie eine große Zahl von Klimadaten auf dem Open Data Server <a href=""https://opendata.dwd.de/"">https://opendata.dwd.de </a>zur Verfügung. Die Klimadaten werden unter <a href=""https://opendata.dwd.de/climate_environment/"">https://opendata.dwd.de/climate_environment/CDC</a> bereitgestellt.</p>
<p>Die frei zugänglichen Daten dürfen entsprechend der ""Verordnung zur Festlegung der Nutzungsbestimmungen für die Bereitstellung von Geodaten des Bundes (GeoNutzV)"" unter Beigabe eines Quellenvermerks ohne Einschränkungen weiterverwendet werden (<a href=""https://gdz.bkg.bund.de"">https://gdz.bkg.bund.de</a>). Im Hinblick auf die Gestaltung der Quellenvermerke fordert der Deutsche Wetterdienst (DWD) (gemäß § 7 DWD-Gesetz, § 3 GeoNutzV) zur Beachtung nachfolgender Hinweise auf:</p>
<ul>
<li>Die Pflicht zur Einbindung beigegebener Quellenvermerke gilt für die unveränderte Verwendung von Geodaten und anderer Leistungen des DWD. Auch bei Bildung von Auszügen oder Änderung des Datenformats sind Quellenvermerkeeinzubinden. Eine Abbildung des DWD-Logos ist als Quellenvermerk im Sinne der GeoNutzV ausreichend.</li>
<li>Bei weitergehenden Veränderungen, Bearbeitungen, neuen Gestaltungen oder sonstigen Abwandlungen erwartet der DWD mindestens eine Nennung des DWD in zentralen Quellenverzeichnissen oder im Impressum.</li>
<li>Veränderungshinweise gemäß GeoNutzV können z.B. lauten: ""Datenbasis: Deutscher Wetterdienst, Rasterdaten bildlich wiedergegeben"", ""Datenbasis: Deutscher Wetterdienst, Einzelwerte gemittelt"" oder ""Datenbasis:Deutscher Wetterdienst, eigene Elemente ergänzt"".</li>
</ul>
<p>Bei einer Verwendung, die nicht der Zweckbestimmung der Leistung des DWD gerecht wird, sind beigegebene Quellenvermerke zu löschen. Das gilt insbesondere für Wetterwarnungen, wenn nicht sichergestellt ist, dass diese jederzeit vollständig und unverzüglich allen Nutzern zur Verfügung gestellt werden.</p>
<p><strong>Quelle: </strong>Deutscher Wetterdienst (DWD)</p>
",['Umwelt und Klima'],historische_wetterdaten
212b3f66-56ff-4264-8039-f2eac31a037f,Kindertagesbetreuung - Einrichtungen,https://offenedaten-konstanz.de/dataset/kindertagesbetreuung-einrichtungen,https://offenedaten-konstanz.de/api/3/action/package_show?id=212b3f66-56ff-4264-8039-f2eac31a037f,2020-12-11T15:50:51+01:00,2022-12-02T11:15:13+01:00,"<p>In diesem Datensatz werden die insgesamt 60 Möglichkeiten zur Kinderbetreuung in Konstanz dargestellt. Darunter Kindergärten, Schülerhorts, Spielgruppen und Kinderkrippen.</p>
<p>Ausführliche Informationen zu den einzelnen Einrichtungen, wie die Öffnungszeiten und die Altersspanne der Kinder, sind jeweils einsehbar. Darüber hinaus werden Kontaktmöglichkeiten inklusive Adresse, E-Mail, Telefonnummer und ggf. Website, dargestellt.</p>
","['Geo', 'Soziales', 'Infrastruktur, Bauen und Wohnen']",kindertagesbetreuung_einrichtungen
c36a493b-579d-45fc-80e7-3070ae93bd1c,SimRa (Sicherheit im Radverkehr),https://offenedaten-konstanz.de/dataset/simra-sicherheit-im-radverkehr,https://offenedaten-konstanz.de/api/3/action/package_show?id=c36a493b-579d-45fc-80e7-3070ae93bd1c,2022-05-19T15:08:57+02:00,2022-11-30T14:53:38+01:00,"<p>Jeder Radfahrende kennt diese Situationen: es wird eng auf der Straße, es kommt zu dichtem Auffahren, riskanten Überholmanövern, einem Beinahe-Abbiegeunfall oder dem abrupten Ausweichen von einem unvermuteten Hindernis. Oft spielen dabei die gegebenen Verkehrssituationen eine entscheidende Rolle. Um potenzielle Gefahrenstellen besser identifizieren und die Radverkehrssicherheit in Konstanz erhöhen zu können, sind Daten nötig. Diese können von allen Interessierten mit der App SimRa gesammelt werden. So trägt jede erfasste Fahrt zur besseren Radsicherheit in Konstanz bei!</p>
<p>Beim <strong><a href=""https://simra-project.github.io/"">Projekt SimRa</a> </strong>(<strong>S</strong>icherheit <strong>im Ra</strong>dverkehr) sammelt die <strong><a href=""http://tu.berlin/"" target=""_blank"">Technische Universität Berlin</a></strong> und das <strong><a href=""http://digital-future.berlin/"" target=""_blank"">Einstein Center Digital Future</a></strong> mithilfe einer datensparsamen Smartphone-App Daten, wo es in der Stadt für Radfahrende besonders gefährlich ist. Mit diesen Daten können die Forschenden dann gezielte Handlungsempfehlungen geben, um Städte fahrradfreundlicher und sicherer zu gestalten. <a href=""https://youtu.be/SXpnTjMLdP4"" target=""_blank""><strong>YouTube-Video zum Projekt</strong></a>.</p>
<p>Das <strong><a href=""https://simra-project.github.io/dashboard/"" target=""_blank"">SimRa-Dashboard</a></strong> bietet einen Überblick über die gesamten gesammelten Daten sowie der Veränderung zur Vorwoche. Zusätzlich können detaillierte Analysekarten einzelner Regionen aufgerufen werden.</p>
<p>Hier in unserem Portal Offene Daten stellen wir einen maschinenlesbaren Datensatz über gemeldete Beinaheunfälle im Landkreis Konstanz bereit. Diese Ereignisse wurden von BürgerInnen mithilfe der App SimRa erfasst.</p>
<p><strong>Hinweis: </strong>Die Stadt Konstanz hat die Daten nicht erhoben, Urheber ist das <strong><a href=""https://simra-project.github.io/"" target=""_blank"">SimRa-Projekt</a></strong>. Aufgrund der (noch) geringen Datenbasis sind die Befunde nicht repräsentativ und können nur als Anhaltspunkt für mögliche Gefahrenstellen dienen. Weitere Rohdaten können aus Datenschutzgründen zurzeit noch nicht bereitgestellt werden.</p>
",['Transport und Verkehr'],SimRa (Sicherheit im Radverkehr)
22c08d05-c9cb-4af2-ae0d-bed37503ab39,Mobile Verkehrszählungen Rad- und Fußverkehr,https://offenedaten-konstanz.de/dataset/mobile-verkehrsz-hlungen-rad-und-fu-verkehr,https://offenedaten-konstanz.de/api/3/action/package_show?id=22c08d05-c9cb-4af2-ae0d-bed37503ab39,2020-08-13T13:53:00+02:00,2022-11-30T11:27:59+01:00,"<p>Das Handlungsfeld Mobilität ist ein zentrales Thema auf dem Weg zur Klimaneutralität. Mit einer Mobilitätswende soll die Senkung des Energieverbrauchs ohne Einschränkung der Mobilität erreicht werden. Dabei geht es nicht nur um die Klärung, wie und mit welchen Verkehrsmitteln sich die Bürgerinnen und Bürger zukünftig bewegen. Es geht auch darum, wie der knappe öffentliche Raum genutzt wird. </p>
<p>Für einen besseren Überblick über die Anzahl der Radfahrer, Autos und Fußgänger an einzelnen Stellen, hat die Stadt Konstanz zwei neue, mobile Zählgeräte beschafft.</p>
<p>Unter diesem Datensatz finden Sie verschiedene Ressourcen zu den mobilen Verkehrszählungen. Sie interessieren sich für die städtische Verkehrsplanung? <a href=""https://www.konstanz.de/stadt+gestalten/verkehrsplanung"">Hier</a> gibt's mehr Informationen.</p>
<p>(Quelle, Stadt Konstanz, Amt für Stadtplanung und Umwelt)</p>
","['Transport und Verkehr', 'Umwelt und Klima']",verkehrszaehlung
5d78bac6-4f76-4648-bf4a-3239d50a5404,Mängelmelder,https://offenedaten-konstanz.de/dataset/m-ngelmelder,https://offenedaten-konstanz.de/api/3/action/package_show?id=5d78bac6-4f76-4648-bf4a-3239d50a5404,2022-11-15T16:33:47+01:00,2022-11-16T11:12:49+01:00,"<p>Zusammenstellung aller über den <strong><a href=""https://konstanz-mitgestalten.de/bms/search#portal-bms"" target=""_blank"">Mängelmelder</a></strong> gemeldeten Probleme.</p>
<p><strong>Quelle:</strong> Stadt Konstanz, Hauptamt, Abt. Bürgerbeteiligung, Engagement, Städtepartnerschaften (BES)</p>
","['Verwaltung, Haushalt und Steuern', 'Soziales', 'Infrastruktur, Bauen und Wohnen', 'Geo', 'Transport und Verkehr', 'Kultur, Freizeit, Sport und Tourismus']",maengelmelder
1bb1b823-e059-422f-839b-d59043a2c5eb,Nutzung Fahrradmietsystem konrad,https://offenedaten-konstanz.de/dataset/nutzung-fahrradmietsystem-konrad,https://offenedaten-konstanz.de/api/3/action/package_show?id=1bb1b823-e059-422f-839b-d59043a2c5eb,2019-02-20T16:02:17+01:00,2022-10-26T15:57:11+02:00,"<p><strong>Konstanz Fahrradmietsystem</strong></p>
<p>Statistische Daten zur Nutzung des Fahrrad-Mietsystems der Stadtwerke Konstanz. Neben dem im Mai 2018 gestarteten konrad-Rädern (<strong>Kon</strong>stanz+<strong>Rad</strong>) gibt es seit August 2018 auch die Daten des Angebots für Transporträder von konrad.</p>
<p>Wie wird das Fahrradangebot genutzt? Wird im Winter tatsächlich weniger geradelt als im Sommer? Der folgende Datensatz zeigt die tatsächliche Nutzung des Fahrrad Mietsystems der Stadtwerke Konstanz.</p>
<p>Visualisierung: <strong><a href=""https://www.stadtwerke-konstanz.de/mobilitaet/rad-mietsystem/"" target=""_blank"">stadtwerke-konstanz.de/mobilitaet/rad-mietsystem</a></strong></p>
<p>Die statistischen Daten zu den Rückgaben und Anmietungen der jeweiligen Mieträder gibt es auch kleinräumig für jede Station in der Stadt und für jeden einzelnen Monat.</p>
<p>(Quelle: Stadtwerke Konstanz GmbH)</p>
",['Transport und Verkehr'],gesamtnutzung_fahrradmietsystem
d5e0cdd2-c32a-45a3-a177-748b19928b9b,Straßenverkehrsunfälle,https://offenedaten-konstanz.de/dataset/stra-enverkehrsunf-lle,https://offenedaten-konstanz.de/api/3/action/package_show?id=d5e0cdd2-c32a-45a3-a177-748b19928b9b,2020-08-06T18:27:33+02:00,2022-10-26T15:37:48+02:00,"<p>Straßenverkehrsunfälle sind Unfälle, bei denen infolge des Fahrverkehrs auf öffentlichen Wegen und Plätzen Personen getötet oder verletzt wurden oder Sachschaden entstanden ist. Der Unfallatlas enthält Unfälle mit Personenschaden. Unfälle, bei denen nur Sachschaden entstand, werden nicht dargestellt. Der Unfallatlas enthält Angaben aus der Statistik der Straßenverkehrsunfälle, die auf Meldungen der Polizeidienststellen basieren.</p>
<p><strong>Die hier veröffentlichten CSV Daten wurden wie folgt behandelt:</strong></p>
<ul>
<li>Es wurden nur die Unfälle in der Stadt Konstanz berücksichtigt.</li>
<li>Für jeden Unfall wurde eine eindeutige ID-Nummer erstellt.</li>
<li>Die historischen Daten für die Jahre 2016 bis 2019 wurden aggregiert.</li>
<li>Die Variable ""IstStrasse"" wurde nach 2017 in ""STRZUSTAND"" umbenannt. Aus Gründen der Konsistenz wurden beide für den gesamten Zeitraum mit ""STRZUSTAND"" bezeichnet.</li>
<li>Die Messungen sind die gleichen (0, 1, 2).</li>
<li>Die Variable ""LICHT"" wurde nach 2017 in ""ULICHTVERH"" umbenannt. Aus Gründen der Konsistenz wurden beide für den gesamten Zeitraum mit ""ULICHTVERH"" bezeichnet. Die Messungen sind die gleichen (0, 1, 2)</li>
<li>Der komplette Datensatz wurde für die Jahre 2016 bis 2019 auch in 6 weitere unterteilt, die jeweils Unfälle mit nur Fahrrädern, Personenkraftwagen, Fußgängern, Krafträdern, Güterkraftfahrzeugen und Sonstigen enthielten.</li>
<li>Jahr und Monat wurden in einer zusätzlichen Spalte zusammengefasst, um Zeitreihenvergleiche zu erleichtern.</li>
</ul>
<p><strong>Variablen:</strong></p>
<ul>
<li>UnfallID: eindeutige Nummer für jeden Unfall</li>
<li>Jahr-Monat: Jahr und Monat kombiniert 2016-1</li>
<li>UJAHR: Unfalljahr</li>
<li>UMONAT: Unfallmonat</li>
<li>USTUNDE: Unfallstunde</li>
<li>UWOCHENTAG: Wochentag (1 = Sonntag 2 = Montag 3 = Dienstag 4 = Mittwoch 5 = Donnerstag 6 = Freitag 7 = Samstag)</li>
<li>UKATEGORIE: Unfallkategorien (Kriterium der Zuordnung ist jeweils die schwerste Unfallfolge) 1 = Unfall mit Getöteten 2 = Unfall mit Schwerverletzten 3 = Unfall mit Leichtverletzten UART: Unfallart 1 = Zusammenstoß mit anfahrendem/ anhaltendem/ruhendem Fahrzeug 2 = Zusammenstoß mit vorausfahrendem / wartendem Fahrzeug 3 = Zusammenstoß mit seitlich in gleicher Richtung fahrendem Fahrzeug 4 = Zusammenstoß mit entgegenkommendem Fahrzeug 5 = Zusammenstoß mit einbiegendem / kreuzendemFahrzeug 6 = Zusammenstoß zwischen Fahrzeug und Fußgänger 7 = Aufprall auf Fahrbahnhindernis 8 = Abkommen von Fahrbahn nach rechts 9 = Abkommen von Fahrbahn nach links 0 = Unfall anderer Art</li>
<li>UART: Unfallart 1 = Zusammenstoß mit anfahrendem/<br />
    anhaltendem/ruhendem Fahrzeug 2 = Zusammenstoß mit vorausfahrendem /<br />
    wartendem Fahrzeug 3 = Zusammenstoß mit seitlich in gleicher Richtung<br />
    fahrendem Fahrzeug 4 = Zusammenstoß mit entgegenkommendem<br />
    Fahrzeug 5 = Zusammenstoß mit einbiegendem / kreuzendem Fahrzeug 6 = Zusammenstoß zwischen Fahrzeug und Fußgänger 7 = Aufprall auf Fahrbahnhindernis<br />
    8 = Abkommen von Fahrbahn nach rechts 9 = Abkommen von Fahrbahn nach links 0 = Unfall anderer Art</li>
<li>UTYP1: Unfalltyp 1 = Fahrunfall 2 = Abbiegeunfall 3 = Einbiegen / Kreuzen-Unfall 4 = Überschreiten-Unfall 5 = Unfall durch ruhenden Verkehr 6 = Unfall im Längsverkehr 7 = sonstiger Unfall</li>
<li>ULICHTVERH: Lichtverhältnisse 0 = Tageslicht 1 = Dämmerung 2 = Dunkelheit</li>
<li>IstRad: Unfall, an dem mindestens ein Fahrradbeteiligt war 0 = Unfall ohne Fahrradbeteiligung 1 = Unfall mit Fahrradbeteiligung</li>
<li>IstPKW Unfall mit Pkw: Unfall, an dem mindestens einPersonenkraftwagen beteiligt war 0 = Unfall ohne PKW-Beteiligung 1 = Unfall mit PKW-Beteiligung</li>
<li>IstFuss Unfall mit Fußgänger: Unfall, an dem mindestens eineFußgängerin oder ein Fußgängerbeteiligt war 0 = Unfall ohne Fußgängerbeteiligung 1 = Unfall mit Fußgängerbeteiligung</li>
<li>IstKrad Unfall mit Kraftrad: Unfall, an dem mindestens einKraftrad, wie z. B. Mofa, Motorrad/-roller beteiligt war 0 = Unfall ohne Kraftradbeteiligung 1 = Unfall mit Kraftradbeteiligung</li>
<li>IstGkfz: Unfall mit Güterkraftfahrzeug (GKFZ): Unfall, an demmindestens ein Lastkraftwagen mit Normalaufbau undeinem Gesamtgewicht über 3,5 t, ein Lastkraftwagen mit Tankauflage bzw. Spezialaufbau, eine Sattelzugmaschineoder eine andere Zugmaschine beteiligt war (diese Kategorie ist in den Jahren 2016 und 2017 in""Unfall mit Sonstigen"" enthalten) 0 = Unfall ohne Güterkraftfahrzeugbeteiligung 1 = Unfall mit Güterkraftfahrzeugbeteiligung</li>
<li>IstSonstige: Unfall mit Sonstigen: Unfall, an dem mindestens ein obennicht genanntes Verkehrsmittel beteiligt war, wie z. B. einBus oder eine Straßenbahn (2016 und 2017 einschließlich) Unfall mit Güterkraftfahrzeug (GKFZ), ab 2018 ohneUnfall mit GKFZ) 0 = Unfall ohne Beteiligung eines oben nicht genanntenVerkehrsmittels 1 = Unfall mit Beteiligung eines oben nicht genanntenVerkehrsmittels</li>
<li>LINREFX und LINREFY: Grafische Koordinate 1 undGrafische Koordinate 2LINREFX und LINREFYbilden die Koordinate desauf dem Straßenabschnittliegenden Unfallortes(UTM-Koordinate desReferenzsystems ETRS89,Zone 32N). XGCSWGS84und YGCSWGS84: Grafische Koordinate 1 und Grafische Koordinate 2 XGCSWGS84 und YGCSWGS84 bilden die Koordinate des auf dem Straßenabschnitt liegenden Unfallortes (Koordinate des Referenzsystems GK 3)</li>
</ul>
<p>Für weitere Erläuterungen <strong><a href=""https://www.destatis.de/DE/Themen/Gesellschaft-Umwelt/Verkehrsunfaelle/_inhalt.html"" target=""_blank"">siehe destatis.de</a></strong></p>
<p>(<strong>Quelle:</strong> Unfallatlas der Statistischen Ämter des Bundes und der Länder - <strong><a href=""https://unfallatlas.statistikportal.de/_opendata2022.html"" target=""_blank"">OpenData</a></strong>)</p>
",['Transport und Verkehr'],strassenverkehrsunfaelle
6ebde3b5-333e-4d94-85f7-d37763493b8c,Fahrrad Dauerzählstellen,https://offenedaten-konstanz.de/dataset/fahrrad-dauerz-hlstellen,https://offenedaten-konstanz.de/api/3/action/package_show?id=6ebde3b5-333e-4d94-85f7-d37763493b8c,2019-03-21T13:20:41+01:00,2022-10-26T14:13:44+02:00,"<p>Der Datensatz enthält die Messergebnisse der Fahrradzählungen aller städtischen Dauerzählstellen im Konstanzer Stadtgebiet. Mit diesen Daten kann genau festgestellt werden, wann wie viele Radfahrerinnen und Radfahrer an diesen Orten unterwegs gewesen sind. Die Messergebnisse sind im 15 Minuten-Rhythmus erfasst. Die Zählstellen dienen als wichtige Datengrundlage für die städtische Radpolitik.</p>
<p>Aktuell betreibt die Stadt Konstanz eine Dauerzählstelle im Stadtgebiet. Die Fahrradzählstelle befindet sich am Ende der Fahrradbrücke beim Herosépark (weitere Infos und Bilder <strong><a href=""http://www.konstanz.de/leben+in+konstanz/radstadt-konstanz/handlungsprogramm+radverkehr/daten+zum+radverkehr"" target=""_blank"">hier</a></strong>).</p>
<p><em>Daten der Fahrradzählstelle der Stadt Konstanz: </em>Die Statistiken werden auf diesem Portal jährlich im CSV-Format bereitgestellt. Aktuellere Daten können bei Bedarf angefragt werden. Der Zugriff auf die Live-API-Daten kann von Fall zu Fall vergeben werden. Wer die Daten der Konstanzer Fahrradzählstelle für einen bestimmten Tag abrufen will, kann das auf einer interaktiven Karte des Herstellers Eco Counter (<a href=""http://eco-public.com/ParcPublic/?id=4586#"" target=""_blank"">http://eco-public.com/ParcPublic/?id=4586</a>) tun.</p>
<p>Die Bicycle-Data-Initiative verfügt über ein interaktives Tool, welche folgende Funktionen bietet: (Achtung: funktioniert zurzeit nur für Daten bis 08.11.2020)</p>
<ol>
<li>Herunterladen von Rohdaten basierend auf den von Ihnen gewählten Intervallen: <a href=""https://www.bicycle-data.de/bicycles-data"" target=""_blank"">https://www.bicycle-data.de/bicycles-data</a></li>
<li>Erstellung automatisierter und standardisierter Analysen aus den Daten (z.B. Durchschnittswerte für Tag, Monat oder Wetterbedingungen): <a href=""https://www.bicycle-data.de/city-analysis"" target=""_blank"">https://www.bicycle-data.de/city-analysis</a></li>
<li>Vergleich von Konstanz mit anderen Städten: <a href=""https://www.bicycle-data.de/city-comparison"" target=""_blank"">https://www.bicycle-data.de/city-comparison</a></li>
</ol>
<p>(Quelle: Stadt Konstanz, Amt für Stadtplanung und Umwelt)</p>
",['Transport und Verkehr'],dauerzaehlstelle_radverkehr
db8d5dc2-b740-45cf-9c42-c0fa8e271051,Modal Split ,https://offenedaten-konstanz.de/dataset/modal-split,https://offenedaten-konstanz.de/api/3/action/package_show?id=db8d5dc2-b740-45cf-9c42-c0fa8e271051,2020-08-13T11:54:01+02:00,2022-10-26T13:42:54+02:00,"<p>Der Modal Split ist eine statistische Berechnung, die beschreibt, wie sich der Verkehr auf die verschiedenen Verkehrsmittel (zu Fuß, mit dem Rad, ÖPNV, oder den motorisierten Individualverkehr) verteilt. </p>
<p>Unterschieden wird dabei zwischen</p>
<ul>
<li><strong>Gesamtverkehr </strong>(Besteht aus Binnen- und Quell-/ Zielverkehr sowie Durchgangs- und Tangentialverkehr. Bei der Untersuchung Mobilität in Städten wurde nur der Gesamtverkehr der Konstanzer Bevölkerung untersucht, d.h. keine Einpendler, keine Besucher, kein Durchgangsverkehr),</li>
<li><strong>Binnenverkehr </strong>(Wege, die Quelle und Ziel innerhalb der Stadt haben) und Quell/Zielverkehr (d.h. Wege, die entweder ihr Ziel oder ihre Quelle innerhalb der Stadt haben).</li>
</ul>
<p>Die Daten sollen perspektivisch alle 5 Jahre erhoben werden. Die erste Erhebung aus dem Jahr 1997 wurde von Socialdata durchgeführt, ebenso die zweite Erhebung aus dem Jahr 2007. Im Jahr 2018 hat die Technische Universität Dresden die Daten erhoben.</p>
<p>Weitere Informationen zum Modal Split und der städtischen Verkehrsplanung finden Sie <strong><a href=""https://www.konstanz.de/stadt+gestalten/verkehrsplanung/verkehrszaehlungen+und+mobilitaetserhebungen/srv+2018+-+mobilitaet+in+staedten"">hier</a></strong>.</p>
<p>(Quelle: Stadt Konstanz, Amt für Stadtplanung und Umwelt)</p>
","['Umwelt und Klima', 'Transport und Verkehr']",modal_split
cfa342c8-0d19-4e6b-9de9-c41ec42d70e3,Radverkehr - Kampagne Stadtradeln ,https://offenedaten-konstanz.de/dataset/radverkehr-kampagne-stadtradeln,https://offenedaten-konstanz.de/api/3/action/package_show?id=cfa342c8-0d19-4e6b-9de9-c41ec42d70e3,2021-04-27T16:32:26+02:00,2022-10-26T12:58:51+02:00,"<p class=""Paragraph SCXW65666069 BCX9"" lang=""DE-DE"" paraeid=""{0758b3a7-68cb-4245-9ed3-426b1a0386cb}{147}"" paraid=""1893668362"" xml:lang=""DE-DE"">Der Datensatz enthält die bundesweiten Radverkehrsmengen die während der Jahre 2018 bis 2020 im Rahmen der Kampagne Stadtradeln des Klima-Bündnis e.V. und im Zuge des Forschungsprojektes MOVEBIS durch Nutzer*innen per App aufgezeichnet wurden. </p>
<p>Die Daten werden als komprimierte CSV zum Download angeboten. Dabei stellt die GPS-Koordinate den Mittelpunkt einer Hexagonzelle (H12) nach dem System der Firma Uber dar. Diese Zellen haben einen Durchmesser von 18m. Als weiteres Attribut wird die Anzahl der GPS-Punkte innerhalb der jeweiligen Zelle angegeben, welche in der dreiwöchigen STADTRADELN Kampagne von allen Nutzern erhoben wurden. </p>
<p class=""Paragraph SCXW65666069 BCX9"" lang=""DE-DE"" paraeid=""{1ffffed2-2153-44f8-a695-c1849deb5f49}{1}"" paraid=""1572119125"" xml:lang=""DE-DE"">Der Originaldatensatz kann hier gefunden werden: <a href=""http://www.mcloud.de/web/guest/suche/-/results/filter/latest/categories%3Aroads/0/detail/3096DB7A-9EE4-4C14-B2AA-79E33A7FFF01 "">www.mcloud.de/web/guest/suche/-/results/filter/latest/categories%3Aroads...</a></p>
<p class=""Paragraph SCXW65666069 BCX9"" lang=""DE-DE"" paraeid=""{1ffffed2-2153-44f8-a695-c1849deb5f49}{1}"" paraid=""1572119125"" xml:lang=""DE-DE"">Die in den hier Offenen Daten Konstanz eingestellten Daten wurden vom gesamten Bundesgebiet auf das in dieser Karte hervorgehobene Gebiet der Stadt Konstanz disgaggregiert (""long &gt; = 9.22 / long &lt; = 9.037"" und ""lat &gt; = 47.75 / 47.63"").</p>
<p class=""Paragraph SCXW65666069 BCX9"" lang=""DE-DE"" paraeid=""{906b0053-fa0e-463b-9857-15921fac0ae1}{34}"" paraid=""1682398404"" xml:lang=""DE-DE""> </p>
<p class=""Paragraph SCXW65666069 BCX9"" lang=""DE-DE"" paraeid=""{906b0053-fa0e-463b-9857-15921fac0ae1}{34}"" paraid=""1682398404"" xml:lang=""DE-DE""><strong>Nutzungshinweise:</strong></p>
<ul class=""BulletListStyle1 SCXW65666069 BCX9"" role=""list"">
<li aria-setsize=""-1"" class=""OutlineElement Ltr  BCX9 SCXW65666069"" data-aria-level=""1"" data-aria-posinset=""1"" data-font=""Symbol"" data-leveltext="""" data-listid=""1"" role=""listitem"">
<p class=""Paragraph SCXW65666069 BCX9"" paraeid=""{b246c135-b10f-496b-aa6c-479c173e3992}{154}"" paraid=""2121386186"">Ein Import der Daten und deren Visualisierung ist bspw in QGIS und ArcGIS möglich. </p>
</li>
<li aria-setsize=""-1"" class=""OutlineElement Ltr  BCX9 SCXW65666069"" data-aria-level=""1"" data-aria-posinset=""2"" data-font=""Symbol"" data-leveltext="""" data-listid=""1"" role=""listitem"">
<p class=""Paragraph SCXW65666069 BCX9"" lang=""DE-DE"" paraeid=""{0758b3a7-68cb-4245-9ed3-426b1a0386cb}{117}"" paraid=""481934693"" xml:lang=""DE-DE""><strong>Quellenvermerk: </strong>Grubitzsch P., Lißner S., Huber S., Springer T., [2021] Technische Universität Dresden, Professur für Rechnernetze und Professur für Verkehrsökologie </p>
</li>
<li aria-setsize=""-1"" class=""OutlineElement Ltr  BCX9 SCXW65666069"" data-aria-level=""1"" data-aria-posinset=""2"" data-font=""Symbol"" data-leveltext="""" data-listid=""1"" role=""listitem"">
<p class=""Paragraph SCXW65666069 BCX9"" lang=""DE-DE"" paraeid=""{0758b3a7-68cb-4245-9ed3-426b1a0386cb}{117}"" paraid=""481934693"" xml:lang=""DE-DE""><strong>Lizenz:</strong> <a class=""Hyperlink SCXW65666069 BCX9"" href=""https://creativecommons.org/licenses/by-nc/"" rel=""noreferrer noopener"" target=""_blank"">Creative Commons Namensnennung - Nicht kommerziell (CC BY-NC)</a> </p>
</li>
</ul>
",['Transport und Verkehr'],radverkehr_stadtradeln
61204ad3-9e46-4562-9cbc-3cf6c26dcd22,Gesamtübersicht Maßnahmenpaket 2019 Klimaschutzbericht Stadt Konstanz,https://offenedaten-konstanz.de/dataset/gesamt-bersicht-ma-nahmenpaket-2019-klimaschutzbericht-stadt-konstanz,https://offenedaten-konstanz.de/api/3/action/package_show?id=61204ad3-9e46-4562-9cbc-3cf6c26dcd22,2020-03-02T18:30:50+01:00,2022-10-11T15:55:27+02:00,"<p>Die Stadt Konstanz hat am 02. Mai 2019 als erste deutsche Stadt den kommunalen Klimanotstand ausgerufen. Am 2. Mai 2019 beschloss der Konstanzer Gemeinderat einstimmig die Resolution zum Klimanotstand. Die Resolution fordert, dem Thema Klimaschutz in Konstanz ""höchste Priorität"" einzuräumen. Was hat sich seit dem 2. Mai 2019 im kommunalen Klimaschutz getan? </p>
<p>Dieser Datensatz gibt einen Gesamtüberblick über die vielfältige klimarelevante Maßnahmen in der Stadtverwaltung und ihren Beteiligungen. Innerhalb der städtischen Handlungsfelder ""Gebäude und Energieversorgung"", ""Stadtplanung und Mobilität"", ""Wirken nach außen"" und ""Wirken nach innen"" sowie bei den städtischen Beteiligungen (ohne definierten Beginn) wurden 2019 über 70 zusätzliche Klimaschutz-Maßnahmen gesammelt. Mehr Informationen finden sie im <a href=""https://www.konstanz.de/site/Konstanz/get/documents_E-952507350/konstanz/Dateien/Leben%20in%20Konstanz/Umwelt-%20u.%20Naturschutz/Klimaschutzbericht%201-2020_final.pdf"">1. Klimaschutzbericht der Stadt Konstanz. vom 23.01.2020</a>.</p>
<p> </p>
",['Umwelt und Klima'],klimamassnahmen_2019
23683041-b9ee-4a70-add4-42e5930b4d1d,Gebäude mit Wohnraum nach Baujahr,https://offenedaten-konstanz.de/dataset/geb-ude-mit-wohnraum-nach-baujahr,https://offenedaten-konstanz.de/api/3/action/package_show?id=23683041-b9ee-4a70-add4-42e5930b4d1d,2022-06-01T17:58:19+02:00,2022-09-29T12:34:22+02:00,"<p>Der Datensatz enthält den Bestand (Anzahl) an Gebäuden mit Wohnraum nach Baujahr des Gebäudes in der Stadt Konstanz nach Baublock (<strong><a href=""https://open-geodaten-konstanz-gis.opendata.arcgis.com/maps/0237161745a34dabb4741e463489dbca/about"" target=""_blank"">Geodaten zu den Baublöcken siehe hier</a></strong>). Die Baujahre sind in 9 Gruppen zusammengefasst. Spätere Umbau-/Sanierungsjahre sind nicht ausgewiesen.</p>
<p><strong>Quelle:</strong> Stadt Konstanz, Referat Oberbürgermeister - Statistik und Steuerungsunterstützung (Quelle: AGK - Gebäudebestand 2019, Gebäude mit Wohnraum)</p>
","['Infrastruktur, Bauen und Wohnen']",gebaeude_baujahr
26dd23be-679c-4e16-900a-a59650d95331,Außenwanderung nach Stadtteil,https://offenedaten-konstanz.de/dataset/au-enwanderung-nach-stadtteil,https://offenedaten-konstanz.de/api/3/action/package_show?id=26dd23be-679c-4e16-900a-a59650d95331,2020-11-17T17:23:32+01:00,2022-09-26T15:51:13+02:00,"<p>Außenwanderung in den 15 Stadtteilen und der Gesamtstadt.</p>
<p><strong>Quelle:</strong> Stadt Konstanz – eigene Einwohnerfortschreibung.</p>
","['Bevölkerung', 'Infrastruktur, Bauen und Wohnen', 'Soziales']",aussenwanderung
40ee9984-7c2a-4fb2-8bd0-fc274b4625e7,Kleinräumige Gliederung Baublöcke,https://offenedaten-konstanz.de/dataset/kleinr-umige-gliederung-baubl-cke,https://offenedaten-konstanz.de/api/3/action/package_show?id=40ee9984-7c2a-4fb2-8bd0-fc274b4625e7,2022-09-20T15:09:21+02:00,2022-09-26T15:44:59+02:00,"<p>Kleinräumige Gliederung der Stadt Konstanz unterteilt in Baublöcke.</p>
<p><strong>Quelle:</strong> Stadt Konstanz, Amt für Liegenschaften und Geoinformation</p>
",['Geo'],Kleinräumige Gliederung Baublöcke
16f7a38b-ca73-4e84-b738-a117d791f632,Wahlergebnisse Bundestagswahl - Stadt Konstanz,https://offenedaten-konstanz.de/dataset/wahlergebnisse-bundestagswahl-stadt-konstanz,https://offenedaten-konstanz.de/api/3/action/package_show?id=16f7a38b-ca73-4e84-b738-a117d791f632,2022-09-12T16:34:25+02:00,2022-09-26T15:13:05+02:00,"<p>Am 26. September 2021 wurden die Abgeordneten des 20. Deutschen Bundestags gewählt. Die Stadt Konstanz ist Teil des Wahlkreises 287, dieser entspricht dem Landkreis Konstanz. Als größte Stadt im Landkreis beeinflusst die Universitätsstadt deutlich das Ergebnis im Wahlkreis 287.</p>
<p>In diesem offenen Datenportal werden die Ergebnisse der Bundestagswahl 2021 in der Stadt Konstanz, seinen Stadtteilen und Wahlbezirken maschinenlesbar zur Verfügung gestellt. Weitere Daten sind auf Anfrage erhältlich.</p>
<p>Hinweis: Für den Einzug in den Bundestag ist das Ergebnis des <em>Wahlkreises Konstanz</em> entscheidend, das beim <strong><a href=""https://www.bundeswahlleiter.de/bundestagswahlen/2021/ergebnisse/bund-99/land-8/wahlkreis-287.html"" target=""_blank"">Bundeswahlleiter</a></strong> zu finden ist (<strong><a href=""https://www.bundeswahlleiter.de/bundestagswahlen/2021/ergebnisse/opendata.html"" target=""_blank"">OpenData-Angebot</a></strong>).</p>
<p><strong>Statistik-Berichte</strong> zu den kleinräumigen Wahlergebnissen finden Sie <strong><a href=""http://www.konstanz.de/leben+in+konstanz/statistik/weitere+daten"" target=""_blank"">hier</a></strong>.</p>
<p>Weitere Infos und Ergebnisse zu den <strong>Wahlen in Konstanz </strong>finden Sie <strong><a href=""https://www.konstanz.de/stadt+gestalten/wahlen"" target=""_blank"">hier</a></strong>.</p>
<p><strong>Quelle:</strong> Stadt Konstanz</p>
<p>Die Daten stammen aus dem OpenData-Bereich des <strong><a href=""https://wahlergebnisse.komm.one/lb/produktion/wahltermin-20210926/08335043/praesentation/opendata.html"" target=""_blank"">Votemanager</a></strong>.</p>
",['Politik und Wahlen'],Wahlergebnisse Bundestagswahl - Stadt Konstanz
04c0cd17-67a8-4bc5-9e26-0d8840af83c0,Umweltdaten Smart Citizen Kits,https://offenedaten-konstanz.de/dataset/umweltdaten-smart-citizen-kits,https://offenedaten-konstanz.de/api/3/action/package_show?id=04c0cd17-67a8-4bc5-9e26-0d8840af83c0,2022-09-16T09:39:44+02:00,2022-09-26T14:42:51+02:00,"<p>Der Datensatz enthält historische Umweltdaten unterschiedlicher Standorte in Konstanz. Die Daten wurden mit ""<strong>Smart Citizen Kits</strong>"" (SCK) erhoben und stehen hier im maschinenlesbaren Format zur Verfügung.</p>
<p><strong>Hinweis:</strong> Die Datensätze können aufgrund von Gerätefehlfunktionen, Strom- und Internetausfällen Lücken enthalten oder fehlerhaft sein. Bei der Datenanalyse muss berücksichtigt werden, dass es sich um ein Pilotprojekt zur Erfassung von Klimadaten handelt und um keine offiziellen Umweltstationen.</p>
<p>Die Stadt Konstanz hat im Rahmen des Förderprojekts ""<strong><a href=""https://www.konstanz.de/digital/foerderprojekte/klimaschutzdaten+fuer+konstanz"" target=""_blank"">Future Communities</a></strong>"" des Landes Baden-Württemberg mit Unterstützung des Fraunhofer Instituts SCK-Sensorgeräte aufgestellt, die Umweltdaten erfassen und sowohl online (live), als auch über eine Rest-API historische Daten bereitstellen. Die Geräte verfügen jeweils über 10 Sensoren, welche die unten aufgeführten Daten erheben.</p>
<p>Smart Citizen ist ein Projekt des Fab Lab Barcelona. Das Projekt ermöglicht Bürgern und Gemeinden, Umweltdaten zu sammeln und der Öffentlichkeit zur Verfügung zu stellen. Genutzt wird Open-Source-Hardware und -Software.</p>
<p><strong>Weiterführende Informationen:</strong></p>
<ul>
<li>SCK Plattform mit Dashboard: <strong><a href=""https://smartcitizen.me/kits/"" target=""_blank"">smartcitizen.me/kits</a></strong></li>
<li>SCK Dokumentation: <strong><a href=""https://docs.smartcitizen.me/"" target=""_blank"">docs.smartcitizen.me</a></strong></li>
<li>SCK API-Dokumentation: <strong><a href=""http://developer.smartcitizen.me/#summary"" target=""_blank"">developer.smartcitizen.me/#summary</a></strong></li>
</ul>
<p><strong>Beschreibung der Variablen:</strong></p>
<ul>
<li>Date = Datum und Uhrzeit</li>
<li>tvoc = TVOC in ppb</li>
<li>eco2 = eCO2 in ppm</li>
<li>light = light in lux</li>
<li>bat = battery in %</li>
<li>noise_dba = noise in dBA</li>
<li>bar = barometric pressure in kPa</li>
<li>pm_avg_1 = PM 1 in ug/m3</li>
<li>pm_avg_10 = PM 10 in ug/m3</li>
<li>pm_avg_2.5 = PM 2.5 in ug/m3</li>
<li>h = air humidity in %</li>
<li>t = air temperature in ºC</li>
</ul>
<p><strong>Quelle:</strong> Stadt Konstanz, Abt. Statistik und Steuerungsunterstützung (Smart Citizen Kits)</p>
",['Umwelt und Klima'],Umweltdaten Smart Citizen Kits
9b439a59-62b0-4ada-9976-08a631a96b82,Baumkataster Konstanz,https://offenedaten-konstanz.de/dataset/baumkataster-konstanz,https://offenedaten-konstanz.de/api/3/action/package_show?id=9b439a59-62b0-4ada-9976-08a631a96b82,2020-09-07T11:22:52+02:00,2022-09-20T17:46:21+02:00,"<p>Auf Konstanzer Stadtgebiet befinden sich rund 15.500 Bäume. Davon sind 1.400 mindestens 100 Jahre alt. Doch wie gelingt die allgemeine Überwachung und aufwendige Pflege der städtischen Bäume? Dabei hilft das Baumkataster.</p>
<p>Dieser Datensatz beinhaltet ein Verzeichnis, in dem Bäume der Stadt Konstanz enthalten sind. Zuständig für die städtische Baumpflege sind die Technischen Betriebe der Stadt Konstanz (TBK). Sie interessieren sich für das vielfältige Aufgabengebiet der TBK? <strong><a href=""https://www.konstanz.de/141376"">Hier mehr dazu</a></strong>.</p>
<p><strong>Quelle: </strong>Technische Betriebe Stadt Konstanz</p>
","['Umwelt und Klima', 'Geo', 'Infrastruktur, Bauen und Wohnen']",baumkataster
591d86a9-9626-46af-8d93-a25da74040bc,Einwohner nach Stadtvierteln Stadt Konstanz,https://offenedaten-konstanz.de/dataset/einwohner-nach-stadtvierteln-stadt-konstanz,https://offenedaten-konstanz.de/api/3/action/package_show?id=591d86a9-9626-46af-8d93-a25da74040bc,2018-11-23T09:47:48+01:00,2022-09-20T15:35:50+02:00,"<p>Wie hat sich die Einwohnerzahl in der Stadt Konstanz seit 2010 in den Stadtvierteln und Stadtteilen entwickelt? Der Datensatz enthält die Einwohnerzahl (Wohnbevölkerung = Hauptwohnsitz) nach Stadtteil, Stadtviertel, Staatsangehörigkeit (Deutsch, Ausländer), Geschlecht (Frauen) und Altersgruppe.</p>
<p>Basis ist die eigene Einwohnerfortschreibung jeweils zum 31.12. eines Jahres.</p>
<p>Die Stadt Konstanz ist 51 Stadtviertel eingeteilt. Das Stadtviertel 100 2 in Egg umfasst die Universität Konstanz, hier sind keine EinwohnerInnen gemeldet. </p>
<p><strong>Quelle:</strong> Stadt Konstanz, Hauptamt - Statistik und Steuerungsunterstützung (Eigene Einwohnerfortschreibung)</p>
","['Bevölkerung', 'Infrastruktur, Bauen und Wohnen']",einwohner
399b13b4-d5a4-4600-8c7c-b8e304cc4723,Co² Werte Konstanz,https://offenedaten-konstanz.de/dataset/co-werte-konstanz,https://offenedaten-konstanz.de/api/3/action/package_show?id=399b13b4-d5a4-4600-8c7c-b8e304cc4723,2021-03-23T15:28:16+01:00,2022-09-20T15:30:55+02:00,"<p>Der Datensatz enthält Co² Werte unterschiedlicher Standorte in Konstanz und ist in Intervallen von 2 Minuten Daten gegliedert.</p>
<p>Die Daten wurden mit ""Smart Citizen Kits"" erhoben und stehen hier im maschinenlesbaren Format zur Verfügung.</p>
<p>Die Datensätze können aufgrund von Gerätefehlfunktionen, Strom- und Internetausfällen Lücken enthalten.</p>
<p>API Dokumentation: <strong><a href=""https://developer.smartcitizen.me/#summary"">Summary – SmartCitizen API Reference</a></strong></p>
<p><strong>Quelle:</strong> Stadt Konstanz, Abt. Statistik und Steuerungsunterstützung (Smart Citizen Kits)</p>
",['Umwelt und Klima'],co2_konstanz
ca2baa70-8b14-4d3f-b8f5-3217779851a4,Temperaturwerte Konstanz,https://offenedaten-konstanz.de/dataset/temperaturwerte-konstanz,https://offenedaten-konstanz.de/api/3/action/package_show?id=ca2baa70-8b14-4d3f-b8f5-3217779851a4,2021-03-22T14:58:58+01:00,2022-09-20T15:30:37+02:00,"<p>Der Datensatz enthält Temperaturwerte unterschiedlicher Standorte in Konstanz.</p>
<p>Die Daten wurden mit ""Smart Citizen Kits"" erhoben und stehen hier im maschinenlesbaren Format zur Verfügung.</p>
<p>Die Datensätze können aufgrund von Gerätefehlfunktionen, Strom- und Internetausfällen Lücken enthalten.</p>
<p>API Dokumentation: <strong><a href=""https://developer.smartcitizen.me/#summary"">Summary – SmartCitizen API Reference</a></strong></p>
<p><strong>Quelle:</strong> Stadt Konstanz, Abt. Statistik und Steuerungsunterstützung (Smart Citizen Kits)</p>
",['Umwelt und Klima'],temperaturwerte_konstanz
c405d8cd-2a27-49fb-af39-88f4700f4142,Kleinräumige Gliederung Stadtviertel,https://offenedaten-konstanz.de/dataset/kleinr-umige-gliederung-stadtviertel,https://offenedaten-konstanz.de/api/3/action/package_show?id=c405d8cd-2a27-49fb-af39-88f4700f4142,2019-05-13T10:43:41+02:00,2022-09-20T15:11:45+02:00,"<p>Der Datensatz enthält eine Übersicht über die 51 Stadtviertel, in die Konstanz eingeteilt ist. Jedem Stadtviertel ist eine einzigartige Nummer zugeordnet. Anhand der Stadtteilnummer kann außerdem überprüft werden, zu welchem Stadtteil das Viertel gehört.</p>
<p>(Quelle: Stadt Konstanz, Amt für Liegenschaften und Geoinformation)</p>
","['Geo', 'Infrastruktur, Bauen und Wohnen']",stadtviertel_konstanz
ab233046-76eb-4d25-97ec-5b6ba27c7706,Kleinräumige Gliederung Stadtteile,https://offenedaten-konstanz.de/dataset/kleinr-umige-gliederung-stadtteile,https://offenedaten-konstanz.de/api/3/action/package_show?id=ab233046-76eb-4d25-97ec-5b6ba27c7706,2019-05-03T09:23:41+02:00,2022-09-20T15:10:04+02:00,"<p>Kleinräumige Gliederung: Stadtteilgrenzen / Stadtteilflächen / Stadtbezirke</p>
<p>Die Gesamtstadtfläche der Stadt Konstanz ist in 15 Bezirke aufgeteilt.</p>
<p>Die folgende Datenbank beinhaltet den Stadtteilgrenzen Namen <strong>STT_NAME</strong>, Stadtteilgrenzen Nummer <strong>STT_NR</strong>, Länge der Stadtteilgrenzen in Meter <strong>Shape__Length</strong> und Fläche der Stadtteilgrenzen in Meter<strong> Shape__Area</strong>.</p>
<p>Weitere Infos zur kleinräumigen Gliederung finden Sie <strong><a href=""https://www.konstanz.de/leben+in+konstanz/statistik/flaechennutzung"" target=""_blank"">hier</a></strong>.</p>
<p>(Quelle: Stadt Konstanz, Amt für Liegenschaften und Geoinformation)</p>
","['Geo', 'Infrastruktur, Bauen und Wohnen']",stadtteilgrenzen_flaechen
a7d3a81d-4dce-41fc-a61b-844ed232e85a,Kleinräumige Gliederung Wahlbezirke,https://offenedaten-konstanz.de/dataset/kleinr-umige-gliederung-wahlbezirke,https://offenedaten-konstanz.de/api/3/action/package_show?id=a7d3a81d-4dce-41fc-a61b-844ed232e85a,2019-05-03T11:41:32+02:00,2022-09-20T15:06:34+02:00,"<p><strong><a href=""https://www.konstanz.de/leben+in+konstanz/statistik/weitere+daten"" target=""_blank"">Lesen Sie hier unsere Wahlberichte (mit Infos zu den Wahlbezirken)</a></strong></p>
<p>In <strong><a href=""https://konstanz-gis.maps.arcgis.com/apps/webappviewer/index.html?id=5651a123c1284e6cb73e645d0e94b4f6"" target=""_blank"">dieser Online-Anwendung</a></strong> finden Sie eine Übersicht über die 52 Wahlbezirke der Stadt Konstanz. Zusätzlich zur Wahlbezirksnummer ist das für jeden Bezirk zuständige Wahllokal angegeben, inklusive Adresse, Gebäudename und Raumnummer sowie Informationen zur Barrierefreiheit.</p>
<p>Die Datenbank enthält die Aktualisierungsinformationen für Wahlbezirke.</p>
<p>(Quelle: Stadt Konstanz, Projektgruppe Wahlen)</p>
","['Geo', 'Politik und Wahlen']",wahlbezirke
2bc9dd3c-2e76-4e35-af57-c20893ec00d2,Ein- und Auswanderung nach Staaten und Kontinenten,https://offenedaten-konstanz.de/dataset/ein-und-auswanderung-nach-staaten-und-kontinenten,https://offenedaten-konstanz.de/api/3/action/package_show?id=2bc9dd3c-2e76-4e35-af57-c20893ec00d2,2021-02-25T16:16:55+01:00,2022-09-20T14:23:25+02:00,"<p>Der Datensatz enthält die Außenwanderungsbewegungen der Wohnbevölkerung der Stadt Konstanz. Weitere Details siehe Datensatzbeschreibungen.</p>
<p><strong>Quelle:</strong> Stadt Konstanz, Referat Oberbürgermeister - Statistik und Steuerungsunterstützung (Eigene Einwohnerfortschreibung, Einwohnerbewegung)</p>
","['Bevölkerung', 'Infrastruktur, Bauen und Wohnen', 'Soziales']",ein_aus_wanderung
ba32f547-4403-4abf-9fe0-83642c4b3fd8,Konstanzer Stadtteilprofile ,https://offenedaten-konstanz.de/dataset/konstanzer-stadtteilprofile,https://offenedaten-konstanz.de/api/3/action/package_show?id=ba32f547-4403-4abf-9fe0-83642c4b3fd8,2020-03-20T08:36:40+01:00,2022-09-20T14:22:57+02:00,"<p>Die Konstanzer Stadtteilprofile stellen die 15 Stadtteile anhand ausgewählter Daten über die Bevölkerung, soziale Infrastruktur oder etwa Wahlen vor.</p>
<p>Mit den Stadtteilprofilen wird die kleinräumige Vielfalt der Stadt beschrieben und vergleichbarer gemacht. Dieser Datensatz bietet eine Übersicht über Flächennutzung, soziodemografische Indikatoren, soziale Infrastruktur sowie Kaufkraft, Arbeitsmarkt, PKW-Bestand und Wahlergebnisse auf Ebenen der Stadtteile.</p>
<p>Die Stadtteilgrenzen orientieren sich im Wesentlichen an historischen (Gemarkungs-)Grenzen. </p>
<p>Mehr zu den <strong><a href=""https://www.konstanz.de/leben+in+konstanz/statistik"">Konstanzer Stadtteilprofilen finden Sie hier</a></strong>.</p>
<p><strong>Quelle:</strong> Stadt Konstanz, Referat Oberbürgermeister, Abteilung Statistik und Steuerungsunterstützung</p>
","['Bevölkerung', 'Politik und Wahlen', 'Infrastruktur, Bauen und Wohnen']",stadtteilprofil
67e37de3-ba6e-44fc-8e07-0884b1b4d61c,Einwohnerentwicklung Stadt Konstanz,https://offenedaten-konstanz.de/dataset/einwohnerentwicklung-stadt-konstanz,https://offenedaten-konstanz.de/api/3/action/package_show?id=67e37de3-ba6e-44fc-8e07-0884b1b4d61c,2019-04-09T15:03:02+02:00,2022-09-20T14:21:59+02:00,"<p>Wie hat sich die Einwohnerzahl in der Stadt Konstanz seit 1975 insgesamt entwickelt? Der Datensatz enthält die Einwohnerzahl (Wohnbevölkerung = Hauptwohnsitz) insgesamt und nach Staatsangehörigkeit (Deutsch, Ausländer) ab dem Jahr 1975.</p>
<p><strong>Quelle:</strong> Stadt Konstanz, Hauptamt - Statistik und Steuerungsunterstützung</p>
","['Bevölkerung', 'Infrastruktur, Bauen und Wohnen']",einwohnerentwicklung
2c6ae437-883b-4395-9780-23a16edb6720,Geschwindigkeitsanzeigedisplays,https://offenedaten-konstanz.de/dataset/geschwindigkeitsanzeigedisplays,https://offenedaten-konstanz.de/api/3/action/package_show?id=2c6ae437-883b-4395-9780-23a16edb6720,2022-04-13T09:41:19+02:00,2022-09-16T12:06:01+02:00,"<p>Das Bürgeramt ist derzeit im Besitz von 16 Geschwindigkeitsanzeigedisplays.</p>
<p>Die Geschwindigkeitsdisplays zeigen nicht nur lokal die Geschwindigkeiten für den individuellen Autofahrer, sondern speichern auch im 30-Minuten-Takt die Anzahl der Messungen, die niedrigste und höchste Geschwindigkeit in diesem Zeitraum, sowie die Durchschnittsgeschwindigkeit in diesem Zeitraum.</p>
<p>Hinweis: Aus den Geschwindigkeitsmessungen können keine Aussagen zu den Mengen an Verkehr abgeleitet werden, da bei sehr dichtem Verkehr dazwischen fahrende Fahrzeuge ggf. nicht aufgezeichnet werden.</p>
<p>Die Zeiträume der Datensätze sind den Dateinamen zu entnehmen. Beim Öffnen in Tabellenkalkulationsprogrammen kann es möglicherweise zu Anzeigefehlern kommen, weil Zahlen in ein Datumsformat konvertiert werden. Zur korrekten Darstellung können Sie die csv-Dateien alternativ in einem Texteditor-Programm öffnen.</p>
<p>Einen Teil des Datensatzes in aggregierter Form finden Sie <a href=""https://offenedaten-konstanz.de/dataset/resource/50bd9645-f3c2-4c6d-abb9-83f33d52ddf9""><strong>hier</strong></a>.</p>
<p><em>Zu diesem Datensatz haben wir auch einen <strong><a href=""https://offenedaten-konstanz.de/blog/geschwindigkeitsanzeigedisplays-konstanz"">Blogeintrag</a></strong> veröffentlicht.</em></p>
",['Transport und Verkehr'],geschwindigkeitsanzeigedisplays
10c7469e-1cde-4c4e-a0d3-5759a1dbf31e,Wahlergebnisse Konstanzer Landtagswahlen,https://offenedaten-konstanz.de/dataset/wahlergebnisse-konstanzer-landtagswahlen,https://offenedaten-konstanz.de/api/3/action/package_show?id=10c7469e-1cde-4c4e-a0d3-5759a1dbf31e,2020-11-19T16:17:56+01:00,2022-09-12T16:13:58+02:00,"<p>Die Konstanzer Ergebnisse der Landtagswahlen stehen maschinenlesbar in diesem offenen Datenportal zur Verfügung.</p>
<p><strong>Statistik-Berichte</strong> zu den kleinräumigen Wahlergebnissen finden Sie hier: <strong><a href=""https://www.konstanz.de/leben+in+konstanz/statistik/weitere+daten"" target=""_blank"">www.konstanz.de/leben+in+konstanz/statistik/weitere+daten</a></strong></p>
<p>Weitere Infos und Ergebnisse zu den <strong>Wahlen in Konstanz</strong>: <strong><a href=""http://www.konstanz.de/stadt+gestalten/wahlen/wahlergebnisse"" target=""_blank"">www.konstanz.de/stadt+gestalten/wahlen/wahlergebnisse</a></strong></p>
<p><strong>Quelle:</strong> Stadt Konstanz</p>
",['Politik und Wahlen'],wahlergebnisse_landtag
dc37dce2-1550-4257-a896-e1056062b37c,Geschwindigkeitsüberwachung Jahresstatistik,https://offenedaten-konstanz.de/dataset/geschwindigkeits-berwachung-jahresstatistik,https://offenedaten-konstanz.de/api/3/action/package_show?id=dc37dce2-1550-4257-a896-e1056062b37c,2020-01-10T12:00:10+01:00,2022-09-12T16:00:33+02:00,"<p>Erfasste <strong>Bußgeldtatbestände der städtischen Geschwindigkeitsüberwachung</strong> über die 12 Monaten eines gesamtes Jahres.</p>
<p>Neben der Gesamtstatistik für die Stadt Konstanz sind Statistiken für folgende <strong>stationäre Radarstationen</strong> enthalten:</p>
<ul>
<li>Untere Laube</li>
<li>Gartenstraße</li>
<li>Steinstraße</li>
<li>Mainaustraße</li>
<li>Im Loh</li>
<li>Reichenaustraße/Moschee</li>
<li>Reichenaustraße/Casino</li>
<li>Reichenaustraße/Neue Rheinbrücke/Schänzlebrücke</li>
</ul>
<p>(Quelle: Stadt Konstanz, Bürgeramt, Abt. Verkehrswesen)</p>
","['Gesetze und Justiz', 'Transport und Verkehr']",geschwindigkeitsueberwachung
be007cbd-d9f5-4556-ac5a-81cb31948cd6,Wahlergebnisse Konstanzer Oberbürgermeisterwahlen,https://offenedaten-konstanz.de/dataset/wahlergebnisse-konstanzer-oberb-rgermeisterwahlen,https://offenedaten-konstanz.de/api/3/action/package_show?id=be007cbd-d9f5-4556-ac5a-81cb31948cd6,2020-10-21T11:37:15+02:00,2022-09-06T17:35:41+02:00,"<p>Die Ergebnisse der Oberbürgermeisterwahlen 1996 bis 2020 stehen hier maschinenlesbar zur Verfügung.</p>
<p>Wahlberichte und weitere Statistiken (im pdf-Format) zu den OB-Wahlen finden Sie <strong><a href=""https://www.konstanz.de/leben+in+konstanz/statistik/weitere+daten"" target=""_blank"">hier</a></strong> sowie <strong><a href=""https://www.konstanz.de/stadt+gestalten/wahlen/wahlergebnisse"" target=""_blank"">hier</a></strong>.</p>
",['Politik und Wahlen'],wahlergebnisse_ob
b0135807-8d4a-439e-a0de-6d358eef051f,Grenzübergänge Kraftfahrzeuge Deutschland Schweiz,https://offenedaten-konstanz.de/dataset/grenz-berg-nge-kraftfahrzeuge-deutschland-schweiz,https://offenedaten-konstanz.de/api/3/action/package_show?id=b0135807-8d4a-439e-a0de-6d358eef051f,2020-09-24T11:14:04+02:00,2022-09-05T10:09:04+02:00,"<p>Die  Schweizer Kantonsbehörde Thurgau und das Schweizer Bundesamt für Straßen (ASTRA) erheben die durchschnittliche tägliche Verkehrsstärke (DTV) der Grenzübergänge von Kraftfahrzeugen an den drei Zollstellen “Tägerwilen-Paradieser Tor”, “Emmishofer Zoll” und der “Gemeinschaftszollanlage Kreuzlingen/Tägerwilen (kurz GZA)”. Seit 2013 werden diese Daten gesammelt und nun auch als offene Daten zur Verfügung gestellt. Diese Daten sind außerdem <strong><a href=""https://map.geo.tg.ch/apps/mf-geoadmin3/?lang=de&amp;topic=ech&amp;catalogNodes=10000,20000,30000,15100,34000&amp;layers=richtplankt50k_hauptverkehrstrassen,richtplankt200k_motorfahrzeugverkehr,strassenverkehrszaehlung_messdaten&amp;layers_opacity=0.9,1,1&amp;E=2728994.19&amp;N=1280640.14&amp;zoom=6&amp;layers_timestamp=,,20130101&amp;layers_visibility=true"" target=""_blank"">im Open Data Portal des Kanton Thurgau</a></strong> verfügbar.</p>
<p>Hinweis: Die Stadt Konstanz hat die Daten ausdrücklich nicht erhoben.</p>
",['Transport und Verkehr'],grenzuebergaenge_kfz
3203f3d7-539a-47a1-a9a4-9afae09c2803,Standorte Altkleidercontainer,https://offenedaten-konstanz.de/dataset/standorte-altkleidercontainer,https://offenedaten-konstanz.de/api/3/action/package_show?id=3203f3d7-539a-47a1-a9a4-9afae09c2803,2022-08-19T15:41:30+02:00,2022-08-19T16:00:26+02:00,"<p>Der Datensatz enthält alle Standorte der Altkleidercontainer der Stadt Konstanz.</p>
<p>(Quelle: Entsorgungsbetriebe Stadt Konstanz)</p>
","['Geo', 'Infrastruktur, Bauen und Wohnen']",Standorte Altkleidercontainer
2cece95e-1dc8-4d56-8125-c1c152eb96c2,Öffentliche Papiereimer - Stadt Konstanz,https://offenedaten-konstanz.de/dataset/ffentliche-papiereimer-stadt-konstanz,https://offenedaten-konstanz.de/api/3/action/package_show?id=2cece95e-1dc8-4d56-8125-c1c152eb96c2,2019-07-11T14:11:12+02:00,2022-08-19T15:34:15+02:00,"<p>Die Daten enthalten die Standorte aller Papiereimer (öffentlichen Mülleimer) der Stadt Konstanz.</p>
<p> Die Entleerung dieser Papiereimer im öffentlichen Raum liegt im Aufgabenbereich der <a href=""https://www.konstanz.de/start/leben+in+konstanz/technische+betriebe.html"" target=""_blank"">Technischen Betriebe Konstanz</a>.</p>
<p><strong>Datum der letzten Aktualisierung: 19.08.2022</strong></p>
","['Geo', 'Umwelt und Klima']",oeffentliche_papiereimer
f5b3f6d3-9c5d-485e-8e1c-bb9cdc068b51,Standorte Glascontainer,https://offenedaten-konstanz.de/dataset/standorte-glascontainer,https://offenedaten-konstanz.de/api/3/action/package_show?id=f5b3f6d3-9c5d-485e-8e1c-bb9cdc068b51,2019-05-10T12:37:15+02:00,2022-08-18T13:25:05+02:00,"<p>Im Gebiet der Stadt Konstanz stehen Sammelstellen zur Entsorgung von Altglas zur Verfügung. In der Beschreibung der Standorte finden sich zusätzlich zur Adresse auch Anmerkungen zur Zufahrt sowie Informationen zu den Öffnungszeiten und weitere Hinweise. Zuständig für die Leerung der Altglascontainer sind die Entsorgungsbetriebe Konstanz (EBK).</p>
<p>(Quelle: Entsorgungsbetriebe Stadt Konstanz)</p>
","['Geo', 'Umwelt und Klima', 'Infrastruktur, Bauen und Wohnen']",standorte_glascontainer
20401185-a5f1-4a8c-b762-66a8fd9a2ad2,Standorte Sportanlagen,https://offenedaten-konstanz.de/dataset/standorte-sportanlagen,https://offenedaten-konstanz.de/api/3/action/package_show?id=20401185-a5f1-4a8c-b762-66a8fd9a2ad2,2019-05-13T10:32:59+02:00,2022-08-11T11:50:31+02:00,"<p>In Konstanz gibt es 61 verschiedene Sportanlagen. Diese sind in Kategorien wie zum Beispiel Sportplätze, Sporthallen, Tennisanlagen oder Golfplätze aufgeteilt. Hier finden sich außerdem jeweils die Adresse der Anlage sowie ggf. eine Telefonnummer. Außerdem ist die Webseite des Vereins oder der Anlage für weitere Informationen verlinkt.</p>
<p> </p>
<p>(Quelle: Stadt Konstanz, Amt für Liegenschaften und Geoinformation)</p>
","['Kultur, Freizeit, Sport und Tourismus', 'Geo']",standorte_sportanlagen
a1cafd20-93f3-448c-9c38-bc69bda8a54c,Standorte Spielplätze,https://offenedaten-konstanz.de/dataset/standorte-spielpl-tze,https://offenedaten-konstanz.de/api/3/action/package_show?id=a1cafd20-93f3-448c-9c38-bc69bda8a54c,2019-05-13T10:11:48+02:00,2022-08-11T11:46:23+02:00,"<p>Alle Spielplätze der Stadt Konstanz besitzen eine Grundausstattung an Spielgeräten, wie z. B. Rutsche, Sandspielfläche, Schaukel und Sitzgelegenheiten und sind daher grundsätzlich für Kleinkinder (0 bis 6 Jahre) geeignet. In der Regel sind sie dem Wohnumfeld zugeordnet und gut zu Fuß zu erreichen. Darüber hinaus bietet die Stadt Konstanz Spielflächen in besonderer Lage an, die einen größeren Einzugsbereich aufweisen. Zudem sind alle Schulfhöfe in der unterrichtsfreien Zeit zum Spielen geöffnet. Entsprechend der Altersgruppen der Schüler sind sie mit entsprechenden Spieleinrichtungen ausgestattet. In allen Stadtteilen sind Bolzplätze und Spielwiesen vorhadenen. Des weiteren sind an geeigneten Standorten Streetballanlagen und Skatenanlagen eingerichtet. Auch bietet die Stadt zwei Radparcours (Paradies, Fürstenberg) an.</p>
<p>(Quelle: Stadt Konstanz, Amt für Liegenschaften und Geoinformation)</p>
","['Kultur, Freizeit, Sport und Tourismus', 'Geo']",standorte_spielplaetze
d7cb3b4e-8f74-49f9-a670-7f0b1c70ac37,Freizeiteinrichtungen,https://offenedaten-konstanz.de/dataset/freizeiteinrichtungen,https://offenedaten-konstanz.de/api/3/action/package_show?id=d7cb3b4e-8f74-49f9-a670-7f0b1c70ac37,2021-09-10T11:27:58+02:00,2022-08-11T09:05:41+02:00,-,"['Kultur, Freizeit, Sport und Tourismus', 'Geo']",freizeiteinrichtungen
2e012bc8-20c8-4057-8e64-f3c775f0ff21,Städtische Einrichtungen/ Behörden,https://offenedaten-konstanz.de/dataset/st-dtische-einrichtungen-beh-rden,https://offenedaten-konstanz.de/api/3/action/package_show?id=2e012bc8-20c8-4057-8e64-f3c775f0ff21,2019-05-13T13:22:50+02:00,2022-08-09T13:20:48+02:00,"<p>Geo-Informationen über die öffentlichen Gebäude der Stadt Konstanz.</p>
<p><strong>Quelle: </strong>Stadt Konstanz, Amt für Liegenschaften und Geoinformation</p>
","['Verwaltung, Haushalt und Steuern', 'Geo']",staedtische_einrichtungen
688b6aca-7437-4006-94ad-204ac57a7a13,Öffentliche Einrichtungen,https://offenedaten-konstanz.de/dataset/ffentliche-einrichtungen,https://offenedaten-konstanz.de/api/3/action/package_show?id=688b6aca-7437-4006-94ad-204ac57a7a13,2021-09-10T09:35:15+02:00,2022-08-09T12:14:51+02:00,"<p>Unter dieser Seite finden Sie Datensätze zu den öffentlichen Standorten der Stadt Konstanz von WLAN, Toiletten, Behörden, Brunnen und Friedhöfe.</p>
<p>© Stadt Konstanz, Amt für Liegenschaften und Geoinformation</p>
","['Infrastruktur, Bauen und Wohnen', 'Geo']",oeffentliche_einrichtungen
0b38d63c-4a76-4e28-b9a8-609924aaa24e,Bildungseinrichtungen,https://offenedaten-konstanz.de/dataset/bildungseinrichtungen,https://offenedaten-konstanz.de/api/3/action/package_show?id=0b38d63c-4a76-4e28-b9a8-609924aaa24e,2019-05-06T16:48:27+02:00,2022-08-09T11:52:43+02:00,"<p>Im Gebiet der Stadt Konstanz gibt es viele verschiedene Schulen und außerschulische Bildungseinrichtungen. In diesem Datensatz sind diese 34 Einrichtungen dargestellt. Sie werden in verschiedene Kategorien wie zum Beispiel Gymnasium, Grundschule, Realschule oder Universität eingeteilt. Des Weiteren werden Name der Einrichtung, Adresse, Website, Telefonnummer und E-Mail aufgelistet. Für eine bessere räumliche Einordnung ist außerdem der Stadtteil pro Standort genannt.</p>
<p><strong>Quelle: </strong>Stadt Konstanz, Amt für Liegenschaften und Geoinformation</p>
","['Arbeitsmarkt, Wissenschaft und Bildung', 'Geo']",bildungseinrichtungen_2019
c9743473-f836-4c90-85c9-88b4af0c06bf,Verkehr,https://offenedaten-konstanz.de/dataset/verkehr,https://offenedaten-konstanz.de/api/3/action/package_show?id=c9743473-f836-4c90-85c9-88b4af0c06bf,2021-09-10T11:44:39+02:00,2022-08-09T11:35:05+02:00,"<p>Unter der Seite ""Verkehr"" finden Sie Daten zu Parkplätzen und Bushaltestellen der Stadt Konstanz.</p>
<p>Aktuelle Echtzeit-Daten finden Sie im Parkleitsystem-Dashboard: <strong><a href=""https://www.konstanz.de/leben+in+konstanz/parkleitsystem"">https://www.konstanz.de/leben+in+konstanz/parkleitsystem</a></strong></p>
<p dir=""ltr"">Hier finden Sie Informationen zum Parken in der Stadt Konstanz, inklusive Live-Daten über die aktuelle Belegung der Einrichtungen.</p>
<p><strong>Quelle:</strong> Stadt Konstanz, Amt für Liegenschaften und Geoinformation</p>
","['Transport und Verkehr', 'Geo']",verkehr
b30cda11-2bf1-4f98-989a-5e3107073680,Bushaltestellen,https://offenedaten-konstanz.de/dataset/bushaltestellen,https://offenedaten-konstanz.de/api/3/action/package_show?id=b30cda11-2bf1-4f98-989a-5e3107073680,2022-05-23T10:42:59+02:00,2022-08-09T11:03:50+02:00,"<p>Der Datensatz beinhaltet die Bushaltestellen der Konstanzer Busse, inklusive des Namens der Haltestelle und der Haltestellen-ID.</p>
<p>(Quelle: Stadt Konstanz, Amt für Liegenschaften und Geoinformation)</p>
","['Transport und Verkehr', 'Infrastruktur, Bauen und Wohnen']",Bushaltestellen
9e5d8197-f2ef-4211-b75a-bfad090b4940,Bodensee Pegelstand Konstanz,https://offenedaten-konstanz.de/dataset/bodensee-pegelstand-konstanz,https://offenedaten-konstanz.de/api/3/action/package_show?id=9e5d8197-f2ef-4211-b75a-bfad090b4940,2022-07-28T14:49:48+02:00,2022-07-29T09:09:04+02:00,"<p>Dieser Datensatz bietet aktuelle Pegelstandsdaten in Konstanz. Über die <strong><a href=""https://www.pegelonline.wsv.de/webservice/ueberblick"" target=""_blank"">PegelOnline Webservices</a></strong> der <strong><a href=""https://www.gdws.wsv.bund.de/"" target=""_blank"">Wasserstraßen- und Schifffahrtsverwaltung des Bundes</a></strong> werden Daten aus dem Projekt Gewässerkundliches Informationssystem bereitgestellt. Diese Daten können per <strong><a href=""https://www.pegelonline.wsv.de/webservice/guideRestapi"" target=""_blank"">REST-API</a></strong> über spezielle URL-Paramter automatisiert abgerufen werden. Die bereitgestellten Daten enthalten diverse Informationen, die am bundesweiten gewässerkundlichen Messstellennetz ermittelt werden.</p>
<p>Alle möglichen Abfragen werden auf der Seite zur <strong><a href=""https://www.pegelonline.wsv.de/webservice/guideRestapi"" target=""_blank"">REST-API</a></strong> erklärt. Weitere Informationen zu den enthaltenen Daten siehe <strong><a href=""https://www.pegelonline.wsv.de/webservice/dokuRestapi"" target=""_blank"">API-Dokumentation</a></strong>. <strong><a href=""https://www.pegelonline.wsv.de/gast/stammdaten?pegelnr=906"" target=""_blank"">Stammdaten</a></strong> der Messstelle in Konstanz.</p>
<p>Das ITZBund stellt die Daten kostenfrei und ohne Registrierung zur Verfügung. Die Quelle <a href=""http://www.pegelonline.wsv.de"" target=""_blank"">www.pegelonline.wsv.de</a> muss bei Verwendung der Services immer angegeben werden.</p>
<p>Wir weisen ebenfalls an dieser Stelle auf das Angebot der Hochwasservorhersagezentrale Baden-Württemberg hin und verlinken die beiden Pegel in Konstanz.</p>
",['Umwelt und Klima'],Bodensee Pegelstand Konstanz
77e097e3-850a-44ed-b142-f72aa13c780c,Mietpreisentwicklung WOBAK-Bestand,https://offenedaten-konstanz.de/dataset/mietpreisentwicklung-wobak-bestand,https://offenedaten-konstanz.de/api/3/action/package_show?id=77e097e3-850a-44ed-b142-f72aa13c780c,2022-06-20T12:10:23+02:00,2022-06-22T09:36:26+02:00,"<p>Historische Entwicklung der durchschnittlichen Miethöhe im WOBAK-Bestand pro Quadratmeter Wohnfläche.</p>
<p>Die WOBAK ist die städtische Wohnungsbaugesellschaft der Stadt Konstanz (weitere Infos <strong><a href=""https://www.wobak.de/unternehmen/"" target=""_blank"">hier</a></strong>).</p>
<p>Quelle: WOBAK Städtische Wohnungsbaugesellschaft mbH Konstanz</p>
","['Infrastruktur, Bauen und Wohnen']",Mietpreisentwicklung WOBAK-Bestand
a47fac75-1d4d-4dc4-9b76-b400d483f73f,Abfallstatistik Entsorgungsbetriebe Konstanz,https://offenedaten-konstanz.de/dataset/abfallstatistik-entsorgungsbetriebe-konstanz,https://offenedaten-konstanz.de/api/3/action/package_show?id=a47fac75-1d4d-4dc4-9b76-b400d483f73f,2020-03-03T17:04:37+01:00,2022-05-23T17:23:31+02:00,"<p>Dieser Datensatz gibt Auskunft über die Abfallmenge der von den Entsorgungsbetrieben Konstanz (EBK) eingesammelten Abfällen in Konstanz. Wie hat sich die Abfallmenge der einzelnen Müllarten seit 2014 verändert?</p>
<p>Der Datensatz enthält folgende Müllarten: Restmüll, Biomüll, Altpapier, Wertstoffe*, Altglas, Gelber Sack, Grünabfälle, Sperrmüll.</p>
<p>* Zu den Wertstoffen gehören bspw.: Holz, Metall, E-Schrott, Kühlschränke,Mineral. Stoffe, Hartkunststoffe.</p>
<p>(Quelle: Entsorgungsbetriebe Stadt Konstanz)</p>
","['Umwelt und Klima', 'Infrastruktur, Bauen und Wohnen']",abfallstatistik
5f0134ec-41af-4907-b997-a783c175ab04,Abfallplaner Müllabfuhrtermine,https://offenedaten-konstanz.de/dataset/abfallplaner-m-llabfuhrtermine,https://offenedaten-konstanz.de/api/3/action/package_show?id=5f0134ec-41af-4907-b997-a783c175ab04,2020-01-10T13:34:21+01:00,2022-05-20T14:46:45+02:00,"<p>Auflistung der Müllabfuhrtermine der EBK für Biomüll, Restmüll, Gelbersack, Papiertonne, Christbaumabholung im Stadtgebiet Konstanz seit dem Jahr 2020.</p>
<p>(Quelle: Entsorgungsbetriebe Stadt Konstanz)</p>
","['Umwelt und Klima', 'Infrastruktur, Bauen und Wohnen']",muellabfuhrtermine_2020
f3c8b9b8-994f-4c1c-9bb2-af6688256e95,Stromverbrauch Entsorgungsbetriebe Konstanz,https://offenedaten-konstanz.de/dataset/stromverbrauch-entsorgungsbetriebe-konstanz,https://offenedaten-konstanz.de/api/3/action/package_show?id=f3c8b9b8-994f-4c1c-9bb2-af6688256e95,2020-12-09T13:39:27+01:00,2022-05-20T14:39:36+02:00,"<p>Der Datensatz enthält den Stromverbrauch der Entsorgungsbetriebe Konstanz (EBK), sowie den prozentualen Anteil der jeweiligen Anlagen.</p>
<p>Derzeit liegen die Daten seit 2014 im CSV Format vor.</p>
<p>(Quelle: Entsorgungsbetriebe Stadt Konstanz)</p>
",['Umwelt und Klima'],stromverbrauch_ebk
3c0e83b0-c74a-4fed-a350-04961cd49548,Kläranlage Konstanz,https://offenedaten-konstanz.de/dataset/kl-ranlage-konstanz,https://offenedaten-konstanz.de/api/3/action/package_show?id=3c0e83b0-c74a-4fed-a350-04961cd49548,2020-12-09T14:01:49+01:00,2022-05-20T14:31:55+02:00,"<p>Der Datensatz umfasst Abwassermenge, Eliminationsraten und Sandfanggut der Kläranlage in Konstanz.</p>
<p>Die Daten liegen teilweise seit 2014 vor.</p>
<p>(Quelle: Entsorgungsbetriebe Stadt Konstanz)</p>
<p> </p>
","['Infrastruktur, Bauen und Wohnen']",klaeranlage
afc99849-8eb0-4c1b-8902-fd19db2a9ac7,Kleiner Waffenschein,https://offenedaten-konstanz.de/dataset/kleiner-waffenschein,https://offenedaten-konstanz.de/api/3/action/package_show?id=afc99849-8eb0-4c1b-8902-fd19db2a9ac7,2020-08-27T08:46:04+02:00,2022-05-20T09:38:27+02:00,"<p class=""Paragraph SCXW211717105 BCX3"" paraeid=""{6f4b3948-30df-4591-9c91-540f112f8c05}{178}"" paraid=""1602895839"">Für den Umgang mit Waffen oder Munition ist in den meisten Fällen eine Erlaubnis erforderlich. Der ""kleine Waffenschein"" ist erforderlich, um eine Schreckschusswaffe, eine Reizstoffwaffe oder eine Signalwaffe mit PTB-Kennzeichnung zu führen. </p>
<p class=""Paragraph SCXW211717105 BCX3"" paraeid=""{6f4b3948-30df-4591-9c91-540f112f8c05}{190}"" paraid=""2064664907"">Nach dem Waffengesetz bedeutet den Begriff ""Führen""; die Ausübung der tatsächlichen Gewalt außerhalb der eigenen Wohnung, der eigenen Geschäftsräume, des eigenen befriedeten Besitztums (z.B. eingezäuntes Grundstück) oder einer Schießstätte. Die Voraussetzungen für den Kleinen Waffenschein sind: 1 - Mindestalter: 18 Jahre, 2 - Zuverlässigkeit, 3 - persönliche Eignung. Die zuständige Abteilung überprüft die Erfüllung der Anforderungen auf der Grundlage der von anderen öffentlichen Institutionen gelieferten Informationen.(<a href=""https://service.konstanz.de/Leistung-Detailansicht/?id=1175"">https://service.konstanz.de/Leistung-Detailansicht/?id=1175</a>) </p>
<p class=""Paragraph SCXW211717105 BCX3"" paraeid=""{6f4b3948-30df-4591-9c91-540f112f8c05}{250}"" paraid=""751536915"">(Quelle: Stadt Konstanz, Untere Waffenbehörde) </p>
<p aria-level=""3"" class=""Paragraph SCXW211717105 BCX3"" paraeid=""{08e13f56-48da-4b7a-b655-1a57f0502d69}{1}"" paraid=""1832347865"" role=""heading"">Rechtsgrundlage </p>
<ul class=""BulletListStyle1 SCXW211717105 BCX3"" role=""list"">
<li aria-setsize=""-1"" class=""OutlineElement Ltr SCXW211717105 BCX3"" data-aria-level=""1"" data-aria-posinset=""1"" data-font=""Symbol"" data-leveltext="""" data-listid=""2"" role=""listitem"">
<p class=""Paragraph SCXW211717105 BCX3"" paraeid=""{08e13f56-48da-4b7a-b655-1a57f0502d69}{7}"" paraid=""539608185""><a class=""Hyperlink SCXW211717105 BCX3"" href=""http://www.landesrecht-bw.de/jportal/?quelle=jlink&amp;query=WaffG+%C2%A7+4&amp;psml=bsbawueprod.psml&amp;max=true"" rel=""noreferrer noopener"" target=""_blank"">§ 4 Waffengesetz (WaffG) (Voraussetzungen für eine Erlaubnis)</a> </p>
</li>
</ul>
<ul class=""BulletListStyle1 SCXW211717105 BCX3"" role=""list"">
<li aria-setsize=""-1"" class=""OutlineElement Ltr SCXW211717105 BCX3"" data-aria-level=""1"" data-aria-posinset=""1"" data-font=""Symbol"" data-leveltext="""" data-listid=""2"" role=""listitem"">
<p class=""Paragraph SCXW211717105 BCX3"" paraeid=""{08e13f56-48da-4b7a-b655-1a57f0502d69}{15}"" paraid=""870092004""><a class=""Hyperlink SCXW211717105 BCX3"" href=""http://www.landesrecht-bw.de/jportal/?quelle=jlink&amp;query=WaffG+%C2%A7+5&amp;psml=bsbawueprod.psml&amp;max=true"" rel=""noreferrer noopener"" target=""_blank"">§ 5 Waffengesetz (WaffG) (Zuverlässigkeit)</a> </p>
</li>
<li aria-setsize=""-1"" class=""OutlineElement Ltr SCXW211717105 BCX3"" data-aria-level=""1"" data-aria-posinset=""2"" data-font=""Symbol"" data-leveltext="""" data-listid=""2"" role=""listitem"">
<p class=""Paragraph SCXW211717105 BCX3"" paraeid=""{08e13f56-48da-4b7a-b655-1a57f0502d69}{23}"" paraid=""790975729""><a class=""Hyperlink SCXW211717105 BCX3"" href=""http://www.landesrecht-bw.de/jportal/?quelle=jlink&amp;query=WaffG+%C2%A7+6&amp;psml=bsbawueprod.psml&amp;max=true"" rel=""noreferrer noopener"" target=""_blank"">§ 6 Waffengesetz (WaffG) (Persönliche Eignung)</a> </p>
</li>
<li aria-setsize=""-1"" class=""OutlineElement Ltr SCXW211717105 BCX3"" data-aria-level=""1"" data-aria-posinset=""3"" data-font=""Symbol"" data-leveltext="""" data-listid=""2"" role=""listitem"">
<p class=""Paragraph SCXW211717105 BCX3"" paraeid=""{08e13f56-48da-4b7a-b655-1a57f0502d69}{31}"" paraid=""739489288""><a class=""Hyperlink SCXW211717105 BCX3"" href=""http://www.landesrecht-bw.de/jportal/?quelle=jlink&amp;query=WaffG+%C2%A7+10&amp;psml=bsbawueprod.psml&amp;max=true"" rel=""noreferrer noopener"" target=""_blank"">§ 10 Waffengesetz (WaffG) (Erteilung von Erlaubnissen)</a> </p>
</li>
<li aria-setsize=""-1"" class=""OutlineElement Ltr SCXW211717105 BCX3"" data-aria-level=""1"" data-aria-posinset=""4"" data-font=""Symbol"" data-leveltext="""" data-listid=""2"" role=""listitem"">
<p class=""Paragraph SCXW211717105 BCX3"" paraeid=""{08e13f56-48da-4b7a-b655-1a57f0502d69}{39}"" paraid=""711925631""><a class=""Hyperlink SCXW211717105 BCX3"" href=""http://www.landesrecht-bw.de/jportal/?quelle=jlink&amp;query=WaffG+%C2%A7+36&amp;psml=bsbawueprod.psml&amp;max=true"" rel=""noreferrer noopener"" target=""_blank"">§ 36 Waffengesetz (WaffG) (Aufbewahren von Waffen und Munition)</a> </p>
</li>
<li aria-setsize=""-1"" class=""OutlineElement Ltr SCXW211717105 BCX3"" data-aria-level=""1"" data-aria-posinset=""5"" data-font=""Symbol"" data-leveltext="""" data-listid=""2"" role=""listitem"">
<p class=""Paragraph SCXW211717105 BCX3"" paraeid=""{08e13f56-48da-4b7a-b655-1a57f0502d69}{47}"" paraid=""1819760322""><a class=""Hyperlink SCXW211717105 BCX3"" href=""http://www.landesrecht-bw.de/jportal?quelle=purl&amp;query=Anlage+2+WaffG+2002&amp;psml=bsbawueprod.psml&amp;doktyp=Gesetze&amp;max=true"" rel=""noreferrer noopener"" target=""_blank"">Anlage 2 zu § 2 Abs. 2 bis 4 Waffengesetz (WaffG) - Waffenliste</a> </p>
</li>
</ul>
",['Gesetze und Justiz'],kleiner_waffenschein
0fc2289d-6218-402d-b073-6edd71032ab9,Stationäre Geschwindigkeitssäule Litzelstetten,https://offenedaten-konstanz.de/dataset/station-re-geschwindigkeitss-ule-litzelstetten,https://offenedaten-konstanz.de/api/3/action/package_show?id=0fc2289d-6218-402d-b073-6edd71032ab9,2022-04-13T11:24:11+02:00,2022-05-19T10:15:54+02:00,"<p>Grundlage der Statistik ist die stationäre Geschwindigkeitssäule in Litzelstetten.</p>
<p>Das Bürgeramt der Stadt Konstanz misst mit dieser die Geschwindigkeiten von KFZ. Die Statistik gibt Aufschluss über Geschwindigkeitsüberschreitungen und sanktionierte Verstöße (Verwarnungs-/Bußgelder).</p>
<p>Die zulässige Höchstgeschwindigkeit in Litzelstetten beträgt 40 km/h. Es wurden alle Anzeigen im Zeitraum Januar bis Dezember 2021 berücksichtigt. Bewertet wurden die Geschwindigkeitsbereiche der an der Messung beteiligten Fahrzeuge.</p>
",['Transport und Verkehr'],Stationäre Geschwindigkeitssäule Litzelstetten
2ae41c2c-6001-47a3-80b5-3ba437308ec8,"Städtische Umfrage im Projekt ""Klimaschutzdaten für Konstanz""",https://offenedaten-konstanz.de/dataset/st-dtische-umfrage-im-projekt-klimaschutzdaten-f-r-konstanz,https://offenedaten-konstanz.de/api/3/action/package_show?id=2ae41c2c-6001-47a3-80b5-3ba437308ec8,2020-08-12T16:29:18+02:00,2022-04-14T13:27:57+02:00,"<p>Vom 01.07.2020 bis 17.07.2020 lief im Rahmen des Projekts «Klimaschutzdaten für Konstanz» eine Umfrage bei Mitarbeiter*innen der Stadt Konstanz, die in klimaschutzrelevanten Fachbereichen arbeiten oder in der Task Force Klima tätig sind. Die Umfrage fokussiert sich darauf, wie die Mitarbeiter*innen die Themen frei nutzbare und maschinenlesbare Daten, klimaschutzrelevante Daten und Datenverwaltung bewerten. Das Projekt wird im Rahmen des Landeswettbewerbs «Städte, Gemeinden und Landkreise 4.0 – Future Communities 2019» des Ministeriums für Inneres, Digitales und Migration Baden-Württemberg gefördert. Seit Januar 2020 wird erforscht, wie kommunale offene Daten Wirkungen im kommunalen Klimaschutz entfachen können.</p>
<p>Die Umfrage wurde von einer Master-Studierenden an der Universität Konstanz im Studiengang Politik- und Verwaltungswissenschaften, die dieses Projekt wissenschaftlich begleitet, entworfen. Weitere Informationen zum Projekt «Klimaschutzdaten für Konstanz» (bspw. einen Projektflyer) finden Sie auf unserer Projektwebsite: <strong><a href=""https://www.konstanz.de/digital/foerderprojekte/klimaschutzdaten+fuer+konstanz"" target=""_blank"">Klimaschutzdaten für Konstanz - Stadt Konstanz</a></strong>. Dort finden Sie auch die Ergebnisse der Umfrage.</p>
<p>(Quelle: Stadt Konstanz, Referat Oberbürgermeister, Abteilung Statistik und Steuerungsunterstützung)</p>
","['Umwelt und Klima', 'Verwaltung, Haushalt und Steuern']",umfrage_klimaschutz
753b2e5f-06c5-4c4c-be79-3f49cfb66541,European Energy Award,https://offenedaten-konstanz.de/dataset/european-energy-award,https://offenedaten-konstanz.de/api/3/action/package_show?id=753b2e5f-06c5-4c4c-be79-3f49cfb66541,2021-03-31T19:30:38+02:00,2022-04-14T13:27:52+02:00,"<p>Der European Energy Award® (eea) ist ein Programm für umsetzungsorientierte Energie- und Klimaschutzpolitik in Städten, Gemeinden und Landkreisen. Er dient als Steuerungs- und Controllinginstrument der kommunalen Klimaschutz- und Energiepolitik, mit dem alle klima- und energierelevanten Aktivitäten systematisch erfasst, bewertet und kontinuierlich überprüft werden. Der eea unterstützt die Kommunen dabei, ihre Stärken, Schwächen und Verbesserungspotenziale systematisch zu identifizieren und Maßnahmen zur Steigerung der Energieeffizienz umzusetzen. Die Ergebnisse der Stadt Konstanz liegen hier im maschinenlesbaren Format vor. Konstanz nimmt seit 2007 am eea teil und wird dabei durch einen externen Berater unterstützt und fachlich begleitet.</p>
<p>Zu Beginn wurde ein Energieteam innerhalb der Verwaltung gegründet, in welchem Vertreter aus verschiedenen Ämtern sowie der Stadtwerke unter Federführung des Amts für Stadtplanung und Umwelt zusammenarbeiten.</p>
<p>Das wichtigste Werkzeug des eea-Programms ist der eea-Maßnahmenkatalog, der ca. 100 mögliche Maßnahmen aus sechs verschiedenen Handlungsfeldern umfasst und mit dessen Hilfe die Analyse- und Planungsprozesse durchgeführt werden.</p>
<p>Auf der Basis der Ist-Analyse wurde ein energiepolitisches Arbeitsprogramm (Maßnahmenplan) für die Stadt Konstanz ausgearbeitet, in welchem für die einzelnen Handlungsfelder insgesamt etwa 40 Maßnahmen definiert wurden.</p>
<p>Das energiepolitische Arbeitsprogramm für Konstanz wird jährlich fortgeschrieben. Dies geschieht im Rahmen eines internen Audits, zu dessen Anlass der Umsetzungsstand der Maßnahmen überprüft wird.</p>
<p>Die Daten stammen aus den Berichten (internes Audit): <strong><a href=""https://www.konstanz.de/start/leben+in+konstanz/european+energy+award.html"" target=""_blank"">https://www.konstanz.de/start/leben+in+konstanz/european+energy+award.html</a></strong></p>
",['Umwelt und Klima'],european_energy_award
f28f68ae-301f-4a7f-9974-fd1f6ab3effa,Kinderbetreuung nach Stadtteilen,https://offenedaten-konstanz.de/dataset/kinderbetreuung-nach-stadtteilen,https://offenedaten-konstanz.de/api/3/action/package_show?id=f28f68ae-301f-4a7f-9974-fd1f6ab3effa,2018-11-26T14:52:52+01:00,2022-04-14T13:27:52+02:00,"<p>Dieser Datensatz enthält eine Übersicht üder die Kinderbetreuungsplätze im Konstanzer Stadtgebiet. In welchem Stadtgebiet gibt es die größte Anzahl an Kinderbetreuungsplätzen? Dieser Datensatz gibt Auskunft darüber. Die Daten gibt es kleinräumig für jeden Staddteil von Konstanz.</p>
<p>(Quelle: Stadt Konstanz, Referat Oberbürgermeister - Statistik und Steuerungsunterstützung)</p>
","['Infrastruktur, Bauen und Wohnen']",kinderbetreuung
b5ddf98d-52bc-4677-ad72-939192a5d5a9,Standorte Konstanz WLAN,https://offenedaten-konstanz.de/dataset/standorte-konstanz-wlan,https://offenedaten-konstanz.de/api/3/action/package_show?id=b5ddf98d-52bc-4677-ad72-939192a5d5a9,2019-04-09T15:48:51+02:00,2022-04-14T13:27:52+02:00,"<p>An vielen Orten in Konstanz können Sie sich seit November 2015 kostenlos im ""KonstanzWLAN"" einloggen. Wo sich die kostenlose Hot-Spots befinden zeigt dieser Datensatz.</p>
<p>Hier gelangen Sie zu dem Angebot der Stadtwerke Konstanz: <a href=""https://www.stadtwerke-konstanz.de/telekommunikation/konstanz-wlan/"" target=""_blank"">https://www.stadtwerke-konstanz.de/telekommunikation/konstanz-wlan/</a></p>
<p>(Quelle: Stadtwerke Konstanz GmbH)</p>
<p> </p>
","['Infrastruktur, Bauen und Wohnen']",standorte_wlan
474b11ad-9948-4a03-8da8-73bdfc9fdbdb,Busverkehr,https://offenedaten-konstanz.de/dataset/busverkehr,https://offenedaten-konstanz.de/api/3/action/package_show?id=474b11ad-9948-4a03-8da8-73bdfc9fdbdb,2019-04-15T14:10:53+02:00,2022-04-14T11:52:31+02:00,"<p>Dieser Datensatz entält Daten zu den Konstanzer Busverkehrsnetz, dem Mobilitätsangebot der Stadtwerke Konstanz. Weitere Informationen und Neuigkeiten zum Busverkehr finden Sie <a href=""https://www.stadtwerke-konstanz.de/mobilitaet/bus/aktuelles/"" target=""_blank"">hier</a></p>
<p>(Quelle: Stadtwerke Konstanz GmbH)</p>
<p>Fahrplandaten nach Landkreisen in Baden-Württemberg gibt es auch hier, auch für den Landkreis Konstanz: </p>
<p><a href=""https://www.nvbw.de/open-data/fahrplandaten/fahrplandaten-nach-landkreisen"">https://www.nvbw.de/open-data/fahrplandaten/fahrplandaten-nach-landkreisen</a></p>
","['Transport und Verkehr', 'Infrastruktur, Bauen und Wohnen']",busverkehr
48e22587-8756-46e6-9855-5f2b15844223,Echtzeit Fahrplanauskunft EFA-BW ,https://offenedaten-konstanz.de/dataset/echtzeit-fahrplanauskunft-efa-bw,https://offenedaten-konstanz.de/api/3/action/package_show?id=48e22587-8756-46e6-9855-5f2b15844223,2021-05-04T14:34:47+02:00,2021-06-16T10:09:04+02:00,"<p>Mit Open Service greifen Sie unmittelbar auf die landesweite Fahrplanauskunftssystem (EFA-BW) zu. Sie können mit Ihrer Anwendung fertige Fahrtempfehlungen abrufen, ohne sich Gedanken über Verkehrsbeschränkungen, Umsteigezeiten oder das Routing zu machen.</p>
<p>Nutzen Sie diese Schnittstelle, um ein neues Informationsangebot zu entwickeln. Die Daten werden in der gleichen Qualität angeboten, in der sie die Verkehrsunternehmen zur Fahrgastinformation einsetzen.</p>
<p>Als Zugang setzt MobiData BW eine herstellerneutrale Schnittstelle ein, die auch von anderen Betreibern von Auskunftssystemen angeboten wird, genannt TRIAS. Das Format dieser Schnittstelle ist vom Verband Deutscher Verkehrsunternehmen (VDV) in der VDV Schrift Nr. 431-2 dokumentiert. Diese Schnittstelle ersetzt die frühere EFA-API.</p>
<p>Zur Nutzung der API nehmen Sie bitte mit der unterschriebenen <a href=""https://www.mobidata-bw.de/data/Nutzungsbedingungen_Trias.pdf"">Nutzungsvereinbarung</a> Kontakt zu MobiData BW (<a href=""https://www.mobidata-bw.de/pages/kontakt"">Kontakt - MobiData BW (mobidata-bw.de)</a> auf. Sie erhalten dann den Zugangspunkt und einen API-Key zur kostenlosen Nutzung der Schnittstelle.</p>
",['Transport und Verkehr'],echtzeit_fahrplanauskunft
ee12c4b1-92a7-4ed7-a194-4d88fac1d185,enviroCar Floating Car Data,https://offenedaten-konstanz.de/dataset/envirocar-floating-car-data,https://offenedaten-konstanz.de/api/3/action/package_show?id=ee12c4b1-92a7-4ed7-a194-4d88fac1d185,2021-05-19T13:34:59+02:00,2021-05-28T10:22:32+02:00,"<p>enviroCar ist eine offene Citizen Science Plattform zum sammeln, teilen und analysieren von automobilen Fahrdaten (XFCD). Ein OBD (On-Board Diagnostics) Adapter wird genutzt um Daten wie Treibstoffverbrauch und Geschwindigkeit zu messen und diese via Bluetooth an die enviroCar mobile App zu kommunizieren. Mit der App können diese zunächst lokal gespeicherten Daten auf den envirocar Server hochgeladen werden um sie als Open Data anonymisiert für Analysen zur Verfügung zu stellen. Die Daten die über die API abgefragt werden können, enthalten für die internationalen georeferenzierten Fahrten u.a. Geschwindigkeiten, Treibstoffverbrauch und Kilometeranzahl.</p>
<p>Suche - mCloud: <a href=""https://www.mcloud.de/web/guest/suche/-/results/filter/latest/categories%3Aclimate/2/detail/1EB5D5D2-A04D-41BD-9CC3-9508B0A4F3C2"">https://www.mcloud.de/web/guest/suche/-/results/filter/latest/categories...</a></p>
<p>mFUND-Projekt: CITRAM - Citizen Science for Traffic Management, FKZ: 19F2068G</p>
",['Transport und Verkehr'],envirocar_floating
8743fd11-8f6b-46cb-8815-d942b9a45653,BICO2 Bilanzierung,https://offenedaten-konstanz.de/dataset/bico2-bilanzierung,https://offenedaten-konstanz.de/api/3/action/package_show?id=8743fd11-8f6b-46cb-8815-d942b9a45653,2020-08-18T09:16:08+02:00,2021-05-05T15:54:44+02:00,"<p>Mithilfe von Energie- und CO2-Bilanzen wird der Ist-Zustand bei Endenergieverbrauch, Einsatz erneuerbarer Energien und CO2-Emissionen in einer Kommune ermittelt und den unterschiedlichen Sektoren und Energieträgern zugeordnet.</p>
<p>Das Bilanzierungstool BICO2 BW wurde im Jahr 2010 vom ifeu im Auftrag des Umweltministeriums Baden-Württemberg entwickelt und in einer Pilotphase an Kommunen getestet. Ein wesentlicher Bestandteil des Projekts war die Verwendung landesspezifischer Daten zur Optimierung der Bilanzergebnisse. Im Rahmen des derzeitigen Projekts werden jährlich neue Bilanzjahre integriert und die Bilanzierungsmethode an die aktuellsten Entwicklungen der BISKO-Systematik (Bilanzierungssystematik Kommunal) angepasst. Das Tool enthält neben einer grafischen Aufbereitung der Ergebnisse auch das Indikatorenset des Benchmarks Kommunaler Klimaschutz sowie ein Exportblatt für den Covenant of Mayors.</p>
<p>Eine Gebrauchsanweisung sowie eine speziell für das Tool entwickelte Schulung unterstützen die Kommunen bei der Nutzung.</p>
<p>(Quelle: Stadt Konstanz, Stabsstelle Klimaschutz)</p>
<p> </p>
",['Umwelt und Klima'],bico2_bilanzierung
